source_row,halo_id,galaxy_id,kind,ra_gal,dec_gal,observed_redshift_gal,euclid_nisp_h,lm_halo,true_redshift_halo,conc_vir_halo,rs_halo,rvir_halo,hpix_29_nest,h_ab,m_msun,chi_mpc_h,rvir_cmpc_h,theta_vir,interior
706708,3737420655978,0,0,184.63559,64.02153,0.40884122,8.703077e-27,13.919606,0.40898442,4.1346245,236.24281,976.77527,792372325428375492,16.5508179,1.24031272e+14,1101.80971,0.97677527,0.000886519024,True
1353699,3737420818959,0,0,187.88011,63.40725,0.40258595,1.23012566e-26,13.913761,0.40229222,4.8157473,201.90747,972.3353,791904402141234915,16.1751263,1.22373166e+14,1085.78237,0.9723353,0.000895515833,True
702004,3737420822005,0,0,186.85356,63.15715,0.4035043,8.253997e-27,14.029792,0.40262946,3.9454858,272.78226,1076.2585,791938244224215957,16.6083392,1.59851677e+14,1086.59158,1.0762585,0.000990490372,True
3650308,3737420833493,0,0,184.91354,63.335068,0.40479493,5.1777382e-27,14.015362,0.40370256,7.0616217,148.78168,1050.6399,792163266430986733,17.1146498,1.54627665e+14,1089.16541,1.0506399,0.000964628408,True
3578623,3837420180215,0,0,183.3823,63.646835,0.4106929,3.575971e-27,13.888124,0.40998912,5.067345,188.50165,955.2029,792196415325939476,17.516515,1.15358393e+14,1104.21031,0.9552029,0.000865055224,True
4574033,3837420247980,0,0,181.03308,61.992874,0.41111025,5.842015e-27,13.951439,0.41181576,4.306483,232.92313,1003.07947,791420223890351731,16.9835933,1.33464019e+14,1108.5711,1.00307947,0.000904839992,True
4680515,3837420360772,0,0,185.94012,58.99533,0.4009684,1.2658042e-26,13.892208,0.40233108,3.9271245,244.05699,958.4422,790547744843683798,16.1440837,1.16448312e+14,1085.87562,0.9584422,0.000882644552,True
4281029,3837420368724,0,0,186.45465,62.246162,0.40534788,1.0091173e-26,13.904016,0.4038429,5.966383,162.18031,967.6299,791728056036267972,16.3901459,1.19657851e+14,1089.5019,0.9676299,0.000888139711,True
3273436,3837420379394,0,0,186.21188,61.863224,0.40462533,5.7042243e-27,14.360784,0.4037078,2.334881,588.8635,1374.9263,791675509605403893,17.0095085,3.42538347e+14,1089.17798,1.3749263,0.00126235228,True
3033391,3837420381185,0,0,184.99861,61.87243,0.4072767,6.983788e-27,14.6466,0.406029,4.2906876,398.47678,1709.7394,791694578559414942,16.7897724,6.61492915e+14,1094.73967,1.7097394,0.00156177715,True
3215231,3837420393896,0,0,184.09897,62.133324,0.40588754,1.4142661e-26,13.888296,0.40979075,4.0711236,235.18504,957.4674,791328803782953567,16.0236722,1.15404089e+14,1103.73645,0.9574674,0.000867478283,True
1946690,3837420412945,0,0,187.36404,61.451454,0.4046101,1.3898329e-26,14.280351,0.40580833,3.9699197,325.1954,1290.9996,791569804394784626,16.0425935,2.84627067e+14,1094.21127,1.2909996,0.00117984491,True
3102943,3837420420205,0,0,187.57526,62.506683,0.41719866,2.2348428e-27,13.931207,0.41826963,6.851462,144.10338,987.3188,791645801599095098,18.0268825,1.27389079e+14,1123.94012,0.9873188,0.000878444303,True
839507,3837420445605,0,0,181.575,60.783585,0.40670738,8.508074e-27,14.0693,0.4085012,6.2423973,175.91028,1098.1018,791165890097807324,16.5754219,1.75075428e+14,1100.6546,1.0981018,0.000997680652,True
804863,3837420451233,0,0,183.9773,61.835403,0.40793332,5.0206178e-27,14.198934,0.40888074,4.7871385,253.51561,1213.6144,791323539794833553,17.1481071,2.35971307e+14,1101.5619,1.2136144,0.00110172147,True
1491118,3837420459825,0,0,181.31966,61.75361,0.41436228,7.714395e-27,14.001738,0.41456196,4.293974,242.90643,1043.0339,791382930661697177,16.6817453,1.49852226e+14,1115.11814,1.0430339,0.000935357307,True
2465284,3837420461004,0,0,180.94406,61.499,0.41386947,4.6586027e-27,13.93095,0.41681886,4.1263866,239.47218,988.1548,791213927882001712,17.2293608,1.27313717e+14,1120.49054,0.9881548,0.000881894821,True
3356426,3837420462748,0,0,181.80232,61.29869,0.41421986,7.006334e-27,13.839294,0.4162648,4.025181,228.61656,920.223,791181853341876650,16.7862729,1.03090631e+14,1119.17231,0.920223,0.000822235316,True
3380028,3837420464590,0,0,181.10999,61.65573,0.415011,7.8776004e-27,13.905314,0.41618294,3.6584103,264.56815,967.8988,791402422521139620,16.6590151,1.20016014e+14,1118.97751,0.9678988,0.000864985032,True
1121577,3837420465120,0,0,180.85518,61.823616,0.41581059,4.0544115e-27,14.02898,0.41785574,7.582813,140.38815,1064.5371,791405671306872441,17.3801804,1.59553082e+14,1122.9563,1.0645371,0.000947977316,True
2515810,3837420465444,0,0,181.09337,61.96025,0.4150851,8.109011e-27,14.012839,0.41929987,4.1566463,253.03433,1051.7742,791408068498964264,16.6275803,1.53731972e+14,1126.38796,1.0517742,0.000933758387,True
1899762,3837420485639,0,0,185.10913,59.489853,0.414443,9.0528314e-27,14.232491,0.41566184,6.1605444,202.00778,1244.4779,790630659990171650,16.5080389,2.54927213e+14,1117.73724,1.2444779,0.00111339038,True
2892876,3837420885780,0,0,182.36064,60.67408,0.41641313,4.9845386e-27,14.094124,0.41861606,3.6444616,307.0061,1118.872,791066566889462286,17.1559376,1.85374161e+14,1124.76341,1.118872,0.000994762093,True
1931109,3837420905074,0,0,184.02351,59.58775,0.4131066,3.707304e-27,13.866646,0.41346735,4.8365917,194.30861,939.79144,790966058649401416,17.4773545,1.09792127e+14,1112.50985,0.93979144,0.000844748868,True
1215492,3837430048083,0,0,183.65659,65.00691,0.42779273,7.23228e-27,13.987625,0.42862228,5.8718076,176.85626,1038.466,792464134854641373,16.7518119,1.45060843e+14,1148.46855,1.038466,0.000904218057,True
1800650,3837430053998,0,0,181.213,65.41446,0.4284769,6.286541e-27,13.869529,0.42768088,5.6515408,167.81969,948.4398,792598801983395119,16.9039706,1.1052339e+14,1146.24445,0.9484398,0.000827432402,True
4456490,3837430091533,0,0,181.2173,63.128532,0.41970512,3.750706e-27,13.8569765,0.42046916,4.3068213,218.44933,940.82227,792246785145917898,17.4647174,1.07374634e+14,1129.16432,0.94082227,0.000833202268,True
4490195,3837430091732,0,0,181.12862,63.06817,0.41794,1.4446465e-26,14.092723,0.42167774,2.4292212,463.69424,1126.4159,791495967118351905,16.000596,1.84777122e+14,1132.03191,1.1264159,0.000995039003,True
3813537,3837430113735,0,0,181.53876,63.87566,0.4281248,7.874624e-27,14.187241,0.42813465,8.120811,149.05151,1210.4192,792293906630330081,16.6594254,2.29702751e+14,1147.31666,1.2104192,0.00105500011,True
2633387,3837430113935,0,0,181.52739,63.935677,0.42455718,4.635441e-27,13.9636,0.42933652,4.4871473,227.22025,1019.57074,792294194926727511,17.2347724,1.37254059e+14,1150.15512,1.01957074,0.000886463677,True
4467799,3837430172144,0,0,182.26273,62.71228,0.4176907,3.8618227e-27,13.872682,0.41999057,4.0787897,233.0894,950.72266,791461188447440593,17.4330192,1.11328715e+14,1128.02819,0.95072266,0.000842818174,True
1659152,3837430203213,0,0,186.28227,61.760742,0.4409429,5.6521006e-27,13.95665,0.4411176,5.9291754,171.05443,1014.2117,791663337304611917,17.0194753,1.35075069e+14,1177.86928,1.0142117,0.000861056249,True
3335214,3837430204323,0,0,184.94,62.650185,0.44430822,5.6391618e-27,13.835944,0.444566,4.3244586,213.7405,924.31195,791718580082504789,17.0219636,1.02298484e+14,1185.94395,0.92431195,0.000779389235,True
2636662,3837430260104,0,0,181.13985,65.6382,0.4456117,3.50771e-27,13.93034,0.44596204,8.602631,115.524574,993.8152,792603630376437153,17.5374408,1.2713502e+14,1189.20807,0.9938152,0.000835694967,True
4428529,3837430303777,0,0,181.72034,65.06685,0.448752,1.2875795e-26,13.92065,0.448407,2.6673152,370.98105,989.52344,792524369423125759,16.1255649,1.24329789e+14,1194.91803,0.98952344,0.000828109894,True
3906139,3837430376639,0,0,186.4383,64.07216,0.4615757,6.478836e-27,13.998394,0.4612482,5.152208,203.31633,1047.528,792016651465813119,16.8712575,1.48702818e+14,1224.76824,1.047528,0.000855286713,True
4302625,3837430405771,0,0,182.2177,64.31579,0.45480707,4.149213e-27,14.014102,0.45768756,5.156059,205.84802,1061.3645,792495036058288253,17.3550857,1.541797e+14,1216.51467,1.0613645,0.000872463378,True
4596915,3837430405960,0,0,182.21625,64.09941,0.4563405,4.9494216e-27,13.981822,0.45786002,4.1137223,251.30907,1033.8157,792302939783449191,17.1636139,1.43135447e+14,1216.91485,1.0338157,0.000849538242,True
1580798,3837430432858,0,0,184.34848,63.17517,0.46197838,5.1965137e-27,13.951531,0.46349472,3.9346025,256.70486,1010.0316,792149397447443932,17.1107198,1.33492294e+14,1229.96646,1.0100316,0.000821186292,True
3817572,3837430627821,0,0,181.62111,62.329098,0.4463928,5.649212e-27,13.937367,0.44641298,5.9319105,168.50946,999.583,791447813505626296,17.0200303,1.29208831e+14,1190.26183,0.999583,0.000839800934,True
3949591,3837430793047,0,0,180.88806,62.845387,0.46185935,8.772725e-27,14.424556,0.46213683,3.7792323,384.30685,1452.3849,791492343628119424,16.5421637,3.96717353e+14,1226.82529,1.4523849,0.00118385634,True
2480132,3837430878684,0,0,181.40279,61.693222,0.4737722,1.01675735e-26,13.846157,0.47470155,5.137129,181.34283,931.58154,791382340993094209,16.3819567,1.04732675e+14,1255.79184,0.93158154,0.000741827994,True
755719,3837430881900,0,0,182.9317,60.96356,0.47290358,5.0615623e-27,13.905473,0.47441357,6.3336864,153.97443,975.2257,791076562736432988,17.1392885,1.20059961e+14,1255.13042,0.9752257,0.000776991528,True
3103078,3837440726353,0,0,180.87065,62.653656,0.49393353,2.9720417e-27,14.040208,0.49294347,5.209017,209.33504,1090.4297,791479168601888731,17.7173628,1.63731861e+14,1297.45283,1.0904297,0.000840438802,True
3547877,3837440746666,0,0,181.82973,65.34002,0.5034694,3.1637696e-27,13.874657,0.5027863,4.419344,216.95985,958.8202,792573905977851993,17.6494879,1.11836147e+14,1319.73954,0.9588202,0.000726522294,True
3938047,3837440786901,0,0,184.17897,64.874535,0.5151047,1.125287e-27,13.951241,0.5151296,6.8862505,147.65346,1016.7787,792439428256428647,18.7718417,1.33403185e+14,1347.49865,1.0167787,0.000754567507,True
2803709,3837440790750,0,0,184.39497,64.81948,0.52669966,1.5155241e-27,13.837404,0.5254216,2.8117847,331.45135,931.96985,792437672793312364,18.4485929,1.02642967e+14,1370.4844,0.93196985,0.00068002952,True
2108153,3838420074928,0,0,186.58359,58.54596,0.40171158,6.2847254e-27,13.8348055,0.40164173,5.5287347,166.47957,920.4213,790445902909343731,16.9042842,1.0203066e+14,1084.22104,0.9204213,0.000848924038,True
2760473,3838420178295,0,0,186.06514,59.29969,0.4173912,3.2251428e-27,13.905854,0.41836748,6.754684,143.81099,971.39777,790600107944478514,17.6286276,1.20165334e+14,1124.17268,0.97139777,0.00086410014,True
4849413,3838420185350,0,0,187.48442,58.956528,0.41853175,4.7326447e-27,13.828339,0.4187275,2.2689278,403.36105,915.19714,790504959262657724,17.2122402,1.00522712e+14,1125.0282,0.91519714,0.000813488175,True
2533033,3838420589248,0,0,187.18498,59.206818,0.4351152,5.9650977e-27,14.018287,0.43379292,4.1253204,256.75656,1059.2031,790508633047568382,16.9609561,1.55672607e+14,1160.66179,1.0592031,0.00091258548,True
1622143,3838430081455,0,0,188.14157,60.183853,0.43904415,3.9303554e-27,14.082429,0.44163126,4.677754,239.46915,1120.1777,790747738491727140,17.4139204,1.80448883e+14,1179.07312,1.1201777,0.000950049391,True
2683824,3838430198863,0,0,187.96356,62.172478,0.4534024,4.0125753e-27,14.010302,0.45505935,3.3274276,318.4879,1059.7455,791634230029523833,17.391442,1.5283654e+14,1210.41099,1.0597455,0.000875525349,True
718004,3838430204911,0,0,186.92574,62.63873,0.4620665,3.189276e-26,14.047667,0.46393222,6.4866624,168.0725,1090.2295,791742988816161901,15.1407697,1.6656824e+14,1230.97797,1.0902295,0.000885661261,True
2801605,3838430217621,0,0,188.22792,63.60106,0.4712096,2.1853949e-27,13.886043,0.47398612,2.023409,477.45728,966.0913,791903400025669136,18.0511752,1.14806955e+14,1254.14845,0.9660913,0.000770316544,True
3288223,3838430238884,0,0,188.10748,61.38533,0.46543857,4.145348e-27,13.96839,0.4670892,3.5561998,288.40817,1025.6371,791561886197554352,17.3560975,1.38776266e+14,1238.26894,1.0256371,0.000828282989,True
2000429,3838430498861,0,0,185.17738,60.384438,0.43986127,3.428984e-27,14.035831,0.4437466,3.9601579,272.96994,1081.004,790843344448931790,17.5620864,1.62089991e+14,1184.0268,1.081004,0.000912989469,True
4107102,3838430523614,0,0,187.14818,59.24617,0.43639126,8.225674e-27,13.858602,0.43814844,2.3431525,402.35782,942.7857,790509086508497868,16.6120713,1.07777275e+14,1170.90321,0.9427857,0.000805178169,True
2841966,3838430524174,0,0,187.74092,59.14028,0.43988654,9.81758e-27,13.842179,0.44078934,1.551441,607.5717,942.61163,790486328679494498,16.4199889,1.03777737e+14,1177.09975,0.94261163,0.000800791633,True
4319998,3838430529423,0,0,187.8828,59.08384,0.43895733,3.6899897e-27,14.088845,0.44212466,3.777656,297.88934,1125.3235,790484584116127380,17.4824371,1.83134513e+14,1180.22913,1.1253235,0.00095347884,True
4448124,3838430564441,0,0,187.33708,58.71061,0.45098987,1.7327963e-26,14.421935,0.4542087,4.009302,362.5213,1453.4574,790488636135775493,15.8031312,3.94330344e+14,1208.43336,1.4534574,0.00120276173,True
4359090,3838430847288,0,0,187.63274,58.05862,0.48466432,4.239067e-27,13.965441,0.48578486,4.8581533,210.71474,1023.6845,790408739769223884,17.3318243,1.37837122e+14,1281.15933,1.0236845,0.000799029812,True
2633551,3838440462202,0,0,187.87827,62.021244,0.4940865,6.3527208e-27,14.198658,0.49322602,5.030626,244.90103,1232.0055,791621139536215841,16.8926006,2.35821391e+14,1298.09447,1.2320055,0.000949087705,True
3441550,3838440491781,0,0,185.50992,62.85117,0.50853103,8.998061e-27,13.831425,0.507181,2.3602612,393.80038,929.47174,791762647330143346,16.5146277,1.01239548e+14,1329.64697,0.92947174,0.000699036483,True
2090546,3838440507853,0,0,187.31438,62.37171,0.49476346,2.947429e-27,14.289368,0.49465707,3.6502712,362.599,1323.5847,791642722033985104,17.7263916,2.90598386e+14,1301.34252,1.3235847,0.00101709171,True
1581466,3838440532526,0,0,186.13074,64.054146,0.50868046,2.7091872e-27,13.8264675,0.5091364,2.6201653,353.40677,925.98413,792037487654582837,17.8179025,1.00090463e+14,1334.04666,0.92598413,0.000694116751,True
4062463,3838440542088,0,0,186.40915,63.328945,0.51093906,1.1877069e-26,14.256237,0.5132301,6.9832196,184.3848,1287.5995,791946585405541096,16.2132268,2.69254021e+14,1343.2405,1.2875995,0.000958577042,True
1655037,3838440543652,0,0,185.66641,63.239212,0.5103127,5.551431e-27,14.022841,0.5074231,4.756612,226.41785,1076.9818,791967826521554946,17.0389876,1.57313574e+14,1330.19198,1.0769818,0.000809643881,True
2547003,3838440569818,0,0,182.1819,62.3035,0.516511,8.740394e-27,14.105511,0.51458293,7.5283785,152.44911,1147.6946,791443363573971998,16.5461725,1.90298865e+14,1346.27368,1.1476946,0.000852497243,True
2451602,3838440573785,0,0,184.97316,63.06367,0.5140252,1.8272235e-27,13.871519,0.5161302,4.256204,225.17389,958.38605,791783212048252316,18.2455208,1.11030986e+14,1349.73973,0.95838605,0.000710052484,True
4526678,3838440626121,0,0,186.95792,62.058613,0.5182402,3.5984202e-27,14.25744,0.5180951,3.4392853,375.28467,1290.711,791719591860862708,17.5097203,2.70000891e+14,1354.13658,1.290711,0.000953161606,True
3034699,3838440626858,0,0,187.42366,61.817383,0.5175878,1.7086513e-27,13.876508,0.51879203,3.6178565,266.35406,963.6308,791575748756858677,18.3183664,1.1231382e+14,1355.69483,0.9636308,0.000710802152,True
2804886,3838440637369,0,0,184.74399,63.124496,0.53949577,1.1949489e-27,13.929675,0.5369481,3.667938,273.2302,1002.1914,792147396968461897,18.7066267,1.26940498e+14,1396.05537,1.0021914,0.000717873674,True
4008823,3838440642107,0,0,184.6132,62.973297,0.5388438,5.822715e-27,14.080629,0.53857934,4.7753563,235.634,1125.2363,792143150561800166,16.9871862,1.79702532e+14,1399.65959,1.1252363,0.00080393569,True
3702708,3838440643991,0,0,184.79552,62.700237,0.5372014,4.7097057e-27,14.002602,0.539303,3.248823,326.34155,1060.226,792094064462367850,17.2175156,1.50150643e+14,1401.25736,1.060226,0.00075662475,True
2627308,3838450478256,0,0,183.70111,63.930443,0.5406737,3.22461e-27,13.875527,0.5387989,1.7871803,541.2685,967.34436,792387736544243062,17.628807,1.12060407e+14,1400.14443,0.96734436,0.00069088898,True
4117944,3838450481192,0,0,183.98923,63.84993,0.5417352,2.2315215e-27,14.323046,0.54070884,5.3960357,252.86943,1364.4924,792363578098590244,18.0284973,3.14030042e+14,1404.35928,1.3644924,0.00097161205,True
3588451,3838450528854,0,0,185.61044,63.843735,0.5419204,2.8676396e-27,13.919446,0.5418708,6.515706,154.01686,1003.5286,791993020563715168,17.7561886,1.23985586e+14,1406.92107,1.0035286,0.000713279958,True
2841055,3838450536175,0,0,184.6763,62.860374,0.54398906,2.5359677e-27,13.937218,0.5468132,4.5466857,223.14728,1014.58057,792142646364382785,17.8896407,1.29164509e+14,1417.79722,1.01458057,0.000715603444,True
4785036,3838450598193,0,0,184.47226,64.717,0.5668847,4.55491e-27,13.896087,0.5670125,4.5635223,215.36325,982.815,792436888893810700,17.2538005,1.17493055e+14,1461.90524,0.982815,0.000672283657,True
2348178,3838450601399,0,0,183.74028,64.62468,0.5725122,3.0065704e-27,14.232489,0.56841046,5.6182537,226.47047,1272.3685,792411252515821970,17.7048216,2.54926039e+14,1464.93764,1.2723685,0.000868547892,True
3230989,3838450602040,0,0,183.60191,64.60193,0.5697984,9.4070346e-27,14.276003,0.56976247,3.8595142,340.88943,1315.6676,792411137758430843,16.4663681,2.817917e+14,1467.86789,1.3156676,0.000896311998,True
4040456,3838450660680,0,0,185.98564,63.761894,0.5725968,3.7334314e-27,14.494295,0.57056147,5.283089,294.4258,1555.4778,791989298239862582,17.4697296,4.65822216e+14,1469.59844,1.5554778,0.0010584373,True
2879189,3838450665722,0,0,185.1335,64.13395,0.5856341,3.2877754e-27,13.873442,0.5819721,4.6280017,208.91312,966.8502,791999922108293109,17.6077446,1.11523707e+14,1494.21994,0.9668502,0.000647060166,True
3414526,3838450665730,0,0,184.96667,64.12037,0.58176386,3.4160177e-27,14.096912,0.582032,1.7630264,650.8342,1147.4379,792374892586931846,17.5661997,1.86568018e+14,1494.34873,1.1474379,0.00076785149,True
2252107,3838450852662,0,0,187.73941,63.207844,0.5849717,6.3533925e-27,14.049993,0.5832003,8.889538,124.54981,1107.1903,791857366642459297,16.8924858,1.67462742e+14,1496.85981,1.1071903,0.000739675349,True
4286871,3838450899108,0,0,188.7621,63.048943,0.5934535,5.409659e-27,14.293364,0.5954855,1.636001,818.8103,1339.5745,791871047347904669,17.0670753,2.93284558e+14,1523.15576,1.3395745,0.000879473089,True
1218127,3838450900161,0,0,188.5067,63.425835,0.5983737,2.6301807e-27,14.096913,0.5973559,3.7434597,306.99918,1149.239,791900847416027767,17.850036,1.86568447e+14,1527.14184,1.149239,0.00075254241,True
805128,3838460739450,0,0,188.65576,63.54678,0.6058265,4.249621e-27,14.187804,0.603722,4.6170945,268.54587,1239.9016,791912719640007451,17.3291245,2.30000721e+14,1540.6745,1.2399016,0.000804778428,True
2510265,3937440231864,0,0,180.98547,61.14471,0.49874377,4.3544814e-27,13.948562,0.49639857,3.6846347,276.1331,1017.4495,791196297184289604,17.3026589,1.32582803e+14,1305.29137,1.0174495,0.000779480751,True
1290970,3938440011242,0,0,182.91637,60.733032,0.49711812,9.846542e-27,13.878811,0.49479198,5.140288,188.02937,966.52515,791071810683534704,16.4167907,1.12910985e+14,1301.64858,0.96652515,0.00074253924,True
3241964,3938440071675,0,0,181.88666,60.8764,0.5096471,1.5288619e-26,13.921689,0.50689864,9.071486,110.08097,998.598,791163729208353760,15.9390794,1.2462759e+14,1329.01122,0.998598,0.000751384178,True
1019131,3938440072140,0,0,182.13052,60.83087,0.50847155,3.3626198e-27,14.349861,0.50776464,3.17961,436.2893,1387.2299,791162132176088120,17.5833056,3.34030557e+14,1330.96072,1.3872299,0.00104227711,True
3049619,3938440105412,0,0,180.6386,60.553787,0.5214247,9.315053e-27,13.982908,0.519524,3.276955,324.49295,1063.3488,791129173636780242,16.4770367,1.4349382e+14,1357.3307,1.0633488,0.000783411736,True
4232092,3938440126317,0,0,181.76088,62.589027,0.5264445,1.229101e-26,13.828022,0.52512544,7.6123195,122.17407,930.0281,791463984482548062,16.1760311,1.00449365e+14,1369.825,0.9300281,0.000678939355,True
326224,3938440139808,0,0,182.55128,63.152824,0.53843886,2.8073326e-27,14.117272,0.53781354,3.7696054,307.95547,1160.8706,792136056661895732,17.7792653,1.95522705e+14,1397.96801,1.1608706,0.000830398544,True
102505,3938440142589,0,0,182.81935,62.45717,0.53637797,4.9839396e-27,13.884965,0.53526336,5.334226,182.01585,970.9137,791363428679877141,17.1560681,1.14522336e+14,1392.32915,0.9709137,0.000697330584,True
3067991,3938440150288,0,0,182.52887,61.69994,0.53586197,8.246469e-27,14.034631,0.53510743,6.03604,180.39258,1088.8568,791294501536207334,16.6093299,1.61642738e+14,1391.98408,1.0888568,0.00078223366,True
645270,3938440222821,0,0,180.68094,60.61163,0.5395598,3.1175338e-27,13.853154,0.53807247,2.8746476,329.57706,947.4179,791141026481982110,17.6654721,1.06433709e+14,1398.54005,0.9474179,0.000677433513,True
752696,3938440228774,0,0,183.76746,59.81234,0.53452045,5.045719e-27,13.996254,0.531603,4.9606743,213.24434,1057.8357,790976721613765927,17.1426923,1.47971882e+14,1384.22004,1.0578357,0.00076421065,True
2370205,3938440230909,0,0,183.3842,60.151592,0.53484184,4.1723258e-27,13.888181,0.5331686,7.029403,138.4772,973.4121,791027863538566694,17.3490545,1.15373534e+14,1387.69068,0.9734121,0.000701461869,True
249756,3938440240424,0,0,181.15176,60.91469,0.5380918,1.8623433e-26,14.376944,0.5393753,2.4121425,588.7587,1420.1699,791168623366692854,15.7248506,3.55524224e+14,1401.41695,1.4201699,0.00101338142,True
1622990,3938440244122,0,0,183.8923,61.053772,0.5362987,6.0914156e-27,14.042577,0.5380833,3.978849,275.4279,1095.886,791252733899654358,16.9382044,1.6462743e+14,1398.56398,1.095886,0.000783579456,True
1604494,3938440402122,0,0,184.29178,60.221165,0.5387337,2.5746436e-27,13.940169,0.53882575,2.0049226,506.2319,1014.9558,791034334797533046,17.8732072,1.30045161e+14,1400.20372,1.0149558,0.000724862951,True
2677344,3938440428665,0,0,184.93083,59.5018,0.5529161,5.0853406e-27,14.221154,0.5528485,4.23481,296.7979,1256.8827,790630970326998612,17.1341999,2.48358597e+14,1431.03362,1.2568827,0.000878304102,True
538681,3938450028740,0,0,182.51962,63.437416,0.56507015,5.70233e-27,13.991894,0.5634263,5.616514,188.75522,1060.1464,792140943260291547,17.0098691,1.46493784e+14,1454.11424,1.0601464,0.000729066788,True
854619,3938450029581,0,0,182.90442,63.46514,0.565443,3.2893108e-27,13.885532,0.5649805,7.3933687,132.19174,977.3423,792186717113738097,17.6072377,1.1467195e+14,1457.49284,0.9773423,0.000670564047,True
516524,3938450147731,0,0,183.18599,63.86644,0.5814046,1.882292e-27,13.829116,0.5812178,5.157734,181.44717,935.85626,792201149258778924,18.2132825,1.00702719e+14,1492.59767,0.93585626,0.00062699834,True
3896771,3938450159074,0,0,185.62946,63.762123,0.58276707,2.6785909e-27,13.84149,0.58535177,3.2634492,290.47934,947.96454,791992579648201613,17.830234,1.03613226e+14,1501.47933,0.94796454,0.000631353708,True
1123192,3938450162806,0,0,182.86472,63.72168,0.58790594,3.7538536e-27,13.8758745,0.58766156,5.7994676,167.24068,969.90686,792191521900867473,17.4638067,1.12150108e+14,1506.43197,0.96990686,0.000643843784,True
3276659,3938450181763,0,0,180.66042,63.32149,0.5803362,1.141858e-26,13.941415,0.5807446,3.749035,272.27795,1020.77954,792249770792667779,16.2559698,1.30418799e+14,1491.57957,1.02077954,0.000684361437,True
330723,3938450208186,0,0,181.89426,62.45955,0.5825793,1.18373455e-26,14.2383,0.5835409,3.2835736,390.27933,1281.5109,791445899447424437,16.2168642,2.58359953e+14,1497.59153,1.2815109,0.000855714574,True
3764818,3938450216308,0,0,181.99277,62.23842,0.58394927,6.062716e-27,14.283528,0.5825072,2.6099,508.3143,1326.6495,791441055749133841,16.9433319,2.86716837e+14,1495.37032,1.3266495,0.000887171215,True
1104528,3938450217801,0,0,183.23363,62.112198,0.5841577,5.635552e-27,13.894541,0.58597827,3.7233233,264.33337,984.1986,791351831102326874,17.0226588,1.17075547e+14,1502.82336,0.9841986,0.000654899721,True
599518,3938450339469,0,0,186.49086,63.100266,0.57464707,6.4062497e-27,13.830399,0.5741111,3.139352,298.32843,936.558,791940546697432706,16.8834903,1.01000657e+14,1477.27627,0.936558,0.000633976205,True
2413629,3938450367929,0,0,185.49313,63.533855,0.5960574,2.1367451e-27,13.90461,0.60031086,4.212983,244.70392,1030.9335,791978495484966388,18.0756182,1.19821623e+14,1533.42991,1.0309335,0.000672305589,True
2856730,3938450404993,0,0,184.63461,62.397976,0.58445483,4.1996428e-27,14.012418,0.5856006,3.134142,343.9946,1078.1279,792088758343892570,17.3419691,1.53583018e+14,1502.01321,1.0781279,0.000717788563,True
28178,3938450437563,0,0,187.0717,60.802605,0.59713113,2.1288839e-27,13.951098,0.5979161,3.3510432,306.7968,1028.0894,790797684243381264,18.0796201,1.33359266e+14,1528.33481,1.0280894,0.000672685981,True
129128,3938450682720,0,0,183.2402,59.736507,0.5619955,3.279069e-27,13.869764,0.5621648,9.141877,105.58483,965.2436,790997591718142636,17.6106236,1.10583211e+14,1451.36955,0.9652436,0.000665057083,True
3504116,3938460054073,0,0,181.78363,63.275723,0.6052742,7.9627165e-27,13.953376,0.6051601,6.01567,172.14734,1035.5815,792226114219375517,16.6473469,1.34060612e+14,1543.72417,1.0355815,0.000670833247,True
783374,3938460083729,0,0,181.88986,65.41704,0.60907155,2.643195e-27,13.842051,0.6094876,4.5299563,209.78053,950.2967,792576812742115188,17.844677,1.03747155e+14,1552.88491,0.9502967,0.000611955653,True
2677435,3938460087811,0,0,182.02205,65.250656,0.61948764,2.8430343e-27,13.884854,0.61968964,7.1094913,138.29024,983.1733,792567264033146270,17.7655448,1.14493069e+14,1574.3848,0.9831733,0.000624480939,True
58913,3938460113904,0,0,181.49161,64.746826,0.621863,5.4558306e-27,14.127108,0.62284595,6.250593,189.48695,1184.4059,792508457200853916,17.0578478,2.00001474e+14,1581.00911,1.1844059,0.000749145527,True
1637627,3938460114831,0,0,180.42691,64.48635,0.611787,7.68262e-27,13.846833,0.6113279,4.3618193,218.77946,954.2765,792343936245929732,16.6862266,1.04895824e+14,1556.77318,0.9542765,0.000612983646,True
3636771,3938460209818,0,0,180.52145,66.05291,0.6409425,1.3775367e-27,13.914345,0.63894945,4.2291417,237.62962,1004.9693,792626094130210666,18.5522421,1.22537833e+14,1614.60642,1.0049693,0.000622423697,True
1504260,3938460228487,0,0,180.86934,65.63203,0.65107113,3.131724e-27,14.190331,0.65304834,3.8828552,319.73508,1241.485,792602178307922539,17.6605413,2.31342912e+14,1643.74891,1.241485,0.000755276545,True
38472,3938460248914,0,0,182.05522,65.570076,0.6539016,2.6705216e-27,13.923869,0.65335596,4.608363,219.8798,1013.28595,792583983676596812,17.8335098,1.25254748e+14,1644.38195,1.01328595,0.000616210821,True
2026258,3938460265563,0,0,182.28058,64.77841,0.6536782,4.845944e-27,14.113946,0.6556644,5.076163,230.65312,1170.8328,792513707692642858,17.186554,1.94031034e+14,1649.12853,1.1708328,0.000709970617,True
2921985,3938460280138,0,0,187.34193,63.47208,0.61237013,8.0581194e-27,13.951483,0.61029154,1.3682356,756.3011,1034.7981,791953784650714373,16.6344158,1.33477541e+14,1554.58406,1.0347981,0.000665643068,True
527215,3938460324684,0,0,186.40695,62.54949,0.6185357,5.6146817e-27,14.154425,0.61935514,4.819812,250.5654,1207.6781,791734010795706667,17.0266871,2.12985578e+14,1573.68202,1.2076781,0.000767421937,True
3056582,3938460449234,0,0,185.58633,64.21497,0.6343556,3.6063635e-27,14.085293,0.63536817,7.408071,154.62715,1145.4889,792046155877894718,17.5073263,1.81642804e+14,1607.16348,1.1454889,0.000712739504,True
90770,3938460474833,0,0,184.56404,64.26265,0.65919346,3.4948514e-27,14.07372,0.65967286,6.599637,172.0381,1135.389,792377294032632937,17.5414282,1.76866343e+14,1657.35465,1.135389,0.00068506098,True
408121,3938460492559,0,0,186.48047,63.656242,0.6571147,2.7471877e-27,14.117602,0.65471184,4.488566,262.98123,1180.4086,791963351562636363,17.8027792,1.9567133e+14,1647.17071,1.1804086,0.00071662797,True
154967,3938460598403,0,0,181.31494,63.274532,0.6365832,2.2192277e-27,14.237798,0.63482165,3.6039903,357.75284,1289.3378,792227488455912350,18.0344953,2.58061488e+14,1606.0262,1.2893378,0.00080281243,True
3637269,3938460783156,0,0,185.15935,62.042343,0.6253237,4.9562236e-27,14.227373,0.6257996,5.6933846,224.34831,1277.3013,791697421755238173,17.1621228,2.51940622e+14,1587.19641,1.2773013,0.000804753141,True
279950,3938460843103,0,0,181.01653,62.68251,0.6426894,4.539801e-27,14.064084,0.63970464,5.040541,223.62599,1127.196,791478554022527005,17.257408,1.72985299e+14,1616.17383,1.127196,0.000697447253,True
74350,3938460855058,0,0,180.91174,61.778534,0.6388899,2.823221e-27,14.044151,0.64111865,3.9470515,281.35254,1110.513,791403976536207872,17.7731378,1.65225166e+14,1619.10667,1.110513,0.000685880071,True
1303851,3938460856738,0,0,182.39319,61.135513,0.63195056,2.9894695e-27,14.5358,0.63176364,4.4619875,362.7308,1618.5004,791085212938953201,17.7110147,5.1253697e+14,1599.6556,1.6185004,0.00101178053,True
726845,3938460884341,0,0,181.68549,63.15912,0.64355016,2.9506895e-27,13.832831,0.64444697,3.4134357,276.61053,944.19226,792225142975483483,17.7251912,1.01567835e+14,1625.99996,0.94419226,0.000580684062,True
749531,3938460884545,0,0,181.23123,63.117195,0.645135,2.2622688e-27,13.906395,0.64552003,4.009863,249.02182,998.54333,792246597023247387,18.0136395,1.20315117e+14,1628.21936,0.99854333,0.00061327322,True
3634147,3938460975830,0,0,183.10904,61.44332,0.6593163,7.385806e-27,14.29137,0.66153294,6.1611547,217.77216,1341.7279,791282455109078043,16.7290053,2.91941071e+14,1661.16499,1.3417279,0.000807702973,True
1034609,3938470376460,0,0,181.99434,63.513924,0.6751874,2.8530925e-27,13.835567,0.674935,5.072582,187.4195,950.70074,792237199270239745,17.7617104,1.0220972e+14,1688.4902,0.95070074,0.000563047829,True
1058892,3938470391275,0,0,183.86034,63.40451,0.6863647,5.940184e-27,14.323253,0.68431306,2.7019267,511.84375,1382.9644,792158391851990145,16.9655003,3.14179755e+14,1707.47727,1.3829644,0.000809946007,True
332108,3938470413910,0,0,183.12776,64.186104,0.69241554,5.28971e-27,13.91814,0.6915345,3.0625706,330.84827,1013.24615,792397557301652378,17.0914203,1.23613299e+14,1722.02348,1.01324615,0.000588404375,True
3184467,3938470422157,0,0,184.44638,64.08908,0.6862035,1.9641928e-27,13.920489,0.68679065,3.9615903,256.3062,1015.3802,792378756066738304,18.1670397,1.24283707e+14,1712.47519,1.0153802,0.000592931334,True
2022887,3938470440893,0,0,181.05098,64.0044,0.6919798,9.61382e-28,13.851936,0.6918842,3.6986437,260.35886,962.9746,792318590385722003,18.94276,1.06135629e+14,1722.72624,0.9629746,0.000558982951,True
887832,3938470829329,0,0,182.63919,65.144966,0.705897,1.4815563e-27,14.075551,0.70589674,4.9605904,230.44098,1143.1233,792567573163886710,18.4732046,1.77613592e+14,1750.76207,1.1431233,0.000652928982,True
51299,3938470830437,0,0,183.50117,64.671486,0.69405174,4.76243e-27,13.857818,0.6932843,4.09134,236.54587,967.7896,792412970464599288,17.2054285,1.07582888e+14,1725.5384,0.9677896,0.000560862396,True
651339,3938470896149,0,0,181.59775,65.12013,0.7202696,3.754213e-27,14.007324,0.7205165,3.8070602,284.97653,1084.9229,792526117891148864,17.4637027,1.5179211e+14,1779.75647,1.0849229,0.00060959065,True
50435,3938470897404,0,0,181.74101,65.174866,0.72309,2.36437e-27,14.053847,0.72455037,5.3969684,208.30911,1124.2377,792525664262482817,17.9657114,1.68955447e+14,1787.71083,1.1242377,0.000628869995,True
447931,3939450560581,0,0,187.75356,57.997738,0.60670483,1.0284502e-26,14.153207,0.6044116,4.7280784,254.47005,1203.1543,790408170903106014,16.3695418,2.12389087e+14,1542.13722,1.2031543,0.000780186279,True
2140606,3939450583537,0,0,187.5118,60.025166,0.60291576,2.862624e-27,14.252854,0.6041586,4.9333096,263.12247,1298.0646,790721406274339398,17.7580892,2.67164775e+14,1541.60065,1.2980646,0.000842023906,True
4207108,3939450584200,0,0,187.36496,59.863518,0.6031835,9.538178e-27,14.291148,0.6055699,1.4653474,912.56866,1337.2301,790718623565050780,16.4513364,2.91791877e+14,1544.59271,1.3372301,0.000865749325,True
368866,3939450598246,0,0,184.72095,59.34899,0.6020517,3.572423e-27,13.834358,0.6019342,5.343276,176.47493,942.9542,790586067214630289,17.5175928,1.01925581e+14,1536.87946,0.9429542,0.000613551175,True
14300,3939460199913,0,0,189.32422,62.7492,0.66349614,9.079756e-27,13.912705,0.6653496,9.338424,107.642296,1005.2094,791814588916803007,16.5048146,1.22075974e+14,1668.96969,1.0052094,0.000602293382,True
2659694,3939460455019,0,0,186.80457,60.904373,0.62443006,4.6868584e-27,14.068932,0.62550116,3.87707,292.5794,1134.3508,790892289941134812,17.2227954,1.74927141e+14,1586.57175,1.1343508,0.000714969744,True
1408052,3939460476719,0,0,188.08543,59.87424,0.62835944,5.5940657e-27,13.92423,0.6289645,7.0513453,143.81192,1014.0675,790695764443429939,17.0306811,1.25358907e+14,1593.81376,1.0140675,0.000636252194,True
271882,3939460494869,0,0,185.92209,59.5655,0.639288,4.36537e-27,13.870231,0.6395892,2.3048239,422.41443,973.5909,790619467114780531,17.2999474,1.10702186e+14,1615.93428,0.9735909,0.000602494118,True
398462,3939460518758,0,0,185.26256,60.22281,0.6467501,4.6924736e-27,14.444046,0.6473732,4.076962,370.86026,1511.9832,790841647288836088,17.2214954,4.14926524e+14,1632.0488,1.5119832,0.000926432589,True
3384620,3939460571069,0,0,184.87572,61.254192,0.6542051,4.8298094e-27,13.831806,0.6546792,3.895981,242.4581,944.6122,790921905530775434,17.190175,1.01328403e+14,1647.1036,0.9446122,0.000573498959,True
397917,3939460592824,0,0,186.20035,61.631638,0.6724302,1.8048685e-27,13.967033,0.6712691,6.8473225,153.06119,1048.0593,791659312979244530,18.2588861,1.38343321e+14,1681.03826,1.0480593,0.000623459516,True
1354441,3939460625970,0,0,188.48077,61.35253,0.67899054,2.9617174e-27,13.888855,0.6784849,6.297123,156.81183,987.4634,791539473611126784,17.721141,1.15552727e+14,1695.69032,0.9874634,0.00058233711,True
3636985,3939460633936,0,0,187.52571,60.722,0.67627275,1.254139e-27,13.833086,0.6712816,5.4517684,173.44812,945.599,790790112878685846,18.6541358,1.01627489e+14,1681.0637,0.945599,0.000562500399,True
228872,3939460648837,0,0,185.66687,61.11163,0.68039066,5.9896706e-27,14.191451,0.67933685,3.6890872,337.44046,1244.8473,790914387694041865,16.9564927,2.31940291e+14,1697.41596,1.2448473,0.000733377871,True
4152619,3939460691245,0,0,188.02245,59.127693,0.6368005,3.8871456e-27,13.990253,0.6375675,3.6831088,289.63593,1066.7606,790484400106029870,17.425923,1.45941296e+14,1611.73627,1.0667606,0.000661870442,True
944700,3939470228880,0,0,186.76964,61.75631,0.68788886,3.1524634e-27,13.935459,0.6873293,3.573501,288.06744,1029.4093,791667796504041626,17.6533749,1.28642419e+14,1713.56077,1.0294093,0.000600742801,True
648444,3939470284078,0,0,187.41473,62.40432,0.70879024,1.4898363e-27,13.847578,0.7069105,4.237464,227.01245,961.95703,791643298749436867,18.4671536,1.05075919e+14,1752.78102,0.96195703,0.000548817577,True
1354469,3939470333301,0,0,188.42102,61.26396,0.6998023,7.21587e-27,13.909347,0.6975397,2.7641509,365.17233,1009.3914,791536205026786661,16.7542782,1.21135712e+14,1734.07068,1.0093914,0.000582093576,True
464110,3939470389359,0,0,187.42201,61.524208,0.71815735,1.3494474e-27,14.176961,0.7180009,4.1953425,294.97815,1237.5344,791570131742515170,18.5746101,2.24329401e+14,1774.78598,1.2375344,0.000697286553,True
2581849,3939470705548,0,0,184.49925,63.874405,0.7266554,4.115867e-27,14.550718,0.7275168,3.5522828,464.36722,1649.5637,792359649522634038,17.3638467,5.30448465e+14,1793.54775,1.6495637,0.000919721095,True
408322,3939470726915,0,0,187.41531,63.30149,0.71507597,2.9351498e-27,13.872914,0.71461034,4.190009,233.86794,979.9088,791951941985466002,17.7309243,1.11388203e+14,1768.07453,0.9799088,0.000554223696,True
1870407,3939470873662,0,0,187.9402,62.780327,0.7368734,3.2967807e-27,14.139882,0.73918486,3.7765787,318.49997,1202.8402,791831983880011262,17.6047749,2.05971531e+14,1816.40365,1.2028402,0.000662209745,True
3728320,3939470875312,0,0,189.01987,62.190453,0.73275185,4.983002e-27,13.967972,0.7347547,2.8725755,366.94727,1054.0837,791792345993900225,17.1562723,1.38642761e+14,1807.74493,1.0540837,0.000583093157,True
3881991,4038460286212,0,0,181.25992,60.502785,0.63044775,5.327384e-27,13.980687,0.62769645,4.178793,254.28212,1062.5923,791115680823149561,17.083715,1.4276186e+14,1591.164,1.0625923,0.000667808158,True
4310209,4038460301940,0,0,180.51668,60.5515,0.6341022,2.0991096e-27,13.8708725,0.6354657,3.5298295,275.91803,973.9436,791134941068144993,18.0949122,1.10865826e+14,1607.36639,0.9739436,0.000605925074,True
4380842,4038460374962,0,0,183.11224,60.86516,0.64891386,5.7711115e-27,14.1027775,0.64847267,4.213886,276.1655,1163.7299,791075626295788834,16.9968513,1.89104863e+14,1634.31872,1.1637299,0.000712058113,True
3754930,4038460522110,0,0,180.68428,60.52433,0.673287,9.0373115e-27,13.939372,0.6716517,7.4265637,138.20193,1026.3655,791128947393493237,16.5099019,1.29806726e+14,1681.81678,1.0263655,0.000610271885,True
1093413,4038470171437,0,0,182.05017,62.18902,0.68944746,1.5423476e-27,13.880475,0.6892431,2.9959981,329.10693,986.0038,791440690066054171,18.4295443,1.13344434e+14,1717.41489,0.9860038,0.000574120909,True
2478320,4038470225327,0,0,182.09819,62.619965,0.6895935,5.756745e-27,14.001302,0.6916262,4.324783,250.30626,1082.5203,791461469597524633,16.9995575,1.4970186e+14,1722.20778,1.0825203,0.000628565446,True
4117989,4038470229869,0,0,181.95781,63.13201,0.70043164,1.5849892e-27,14.129369,0.70197076,5.7612386,207.23132,1193.909,792218871468423097,18.3999342,2.01045426e+14,1742.93145,1.193909,0.000685000547,True
1520034,4038470272816,0,0,180.97632,61.92001,0.7109963,2.4376823e-27,13.996209,0.7116459,3.8368332,280.95868,1077.9916,791408173168083943,17.9325572,1.4795655e+14,1762.19509,1.0779916,0.000611732268,True
4437501,4038480403205,0,0,182.50406,65.05782,0.7818827,2.7194659e-27,14.005184,0.7806259,6.355506,171.66335,1091.0074,792563643382210815,17.813791,1.51045989e+14,1896.27145,1.0910074,0.000575343471,True
4045638,4038480492108,0,0,181.58731,64.21077,0.7916987,1.46924525e-27,14.03141,0.79235196,5.4186673,205.37163,1112.8406,792311390398821354,18.4822643,1.60448329e+14,1918.50552,1.1128406,0.000580055981,True
3843814,4038490160607,0,0,180.77881,64.96132,0.7992838,2.3022382e-27,14.140509,0.8005868,5.9523425,218.68811,1301.7065,792535254672147490,17.9946244,2.06269111e+14,1934.02491,1.3017065,0.000673055705,True
2686062,4038490160980,0,0,181.04587,64.95714,0.79897565,2.0077253e-27,14.351025,0.80135983,2.4771266,576.5686,1428.2334,792534244089317990,18.1432393,3.34927029e+14,1935.47776,1.4282334,0.000737922918,True
2960927,4038490161537,0,0,180.94386,64.89761,0.7965758,3.6827548e-27,14.078821,0.8026338,5.0914416,230.0276,1171.1721,792534686305149221,17.484568,1.78955973e+14,1937.8706,1.1711721,0.000604360321,True
3150181,4038490162809,0,0,181.4987,64.879326,0.79977363,3.815548e-27,14.102778,0.8001216,1.6073062,734.8166,1181.0753,792509815575528791,17.4461077,1.89105081e+14,1933.15027,1.1810753,0.000610958868,True
1190072,4038490177299,0,0,180.72853,64.85124,0.81170887,1.4768205e-27,13.835504,0.81505257,3.6195037,265.79468,962.04486,792531987840568145,18.4766807,1.02194894e+14,1961.09913,0.96204486,0.000490564116,True
2846674,4038490226679,0,0,180.87578,65.17175,0.8127266,2.671651e-27,13.930546,0.8149277,3.6789386,281.46692,1035.4995,792549043911262822,17.8330507,1.27195339e+14,1960.86644,1.0354995,0.000528082626,True
1796103,4039460072816,0,0,183.1713,59.824707,0.654336,3.2531276e-27,13.942061,0.65340894,3.1290386,329.3013,1030.3965,790998745278928847,17.6192473,1.30612938e+14,1644.49096,1.0303965,0.000626574743,True
3808457,4039460147850,0,0,184.53041,59.89734,0.6599513,4.8552625e-27,14.285334,0.66110325,5.80139,231.12762,1340.8616,790644275725641048,17.1844682,2.87911623e+14,1660.28516,1.3408616,0.000807609216,True
3915898,4039460185201,0,0,182.7897,59.922874,0.67471945,3.1737396e-27,13.974837,0.67407006,4.174028,253.14522,1056.6353,791000677301492803,17.6460718,1.40851734e+14,1686.73349,1.0566353,0.000626438799,True
2224422,4039460229367,0,0,183.3733,59.902996,0.6840506,1.3852822e-27,13.926448,0.6830757,4.48387,227.04005,1018.0181,790978638886712069,18.5461544,1.26000769e+14,1704.97835,1.0180181,0.000597085645,True
2544338,4039470031137,0,0,184.38074,61.214577,0.6978073,6.0326173e-27,14.294908,0.69670516,2.8959079,469.23145,1358.8511,791250032569378057,16.9487356,2.94329097e+14,1732.39914,1.3588511,0.000784375301,True
4902962,4039470050972,0,0,182.66866,60.903946,0.6970521,2.9056054e-27,13.919393,0.69740653,4.3270926,235.14413,1017.4904,791081680421835146,17.7419084,1.23970456e+14,1733.804,1.0174904,0.000586854338,True
3776311,4039470058275,0,0,182.79303,60.265907,0.6999225,9.924366e-28,13.849117,0.6992935,6.2993803,153.06541,964.2173,791059055506745051,18.9082431,1.05448935e+14,1737.58063,0.9642173,0.000554919456,True
2847761,4039470121631,0,0,183.72858,60.664642,0.71069866,6.0180157e-27,13.86641,0.7072632,6.2870307,155.38882,976.9343,791047916600970420,16.9513667,1.09732481e+14,1753.48314,0.9769343,0.000557139262,True
2299440,4039470122365,0,0,183.88712,60.614975,0.71154153,2.6377394e-27,14.711387,0.7087923,2.873208,650.5305,1869.1095,791047369116328630,17.8469203,7.67913314e+14,1756.52536,1.8691095,0.0010640948,True
4654056,4039470129863,0,0,184.51958,60.843163,0.71553475,3.1741328e-27,14.003034,0.7125519,6.191973,175.24417,1085.1072,791243805204790386,17.6459373,1.50300075e+14,1763.99312,1.0851072,0.000615142536,True
3585941,4039470144410,0,0,184.23705,60.187004,0.71731025,3.7871398e-27,14.244031,0.716275,4.6239104,282.33316,1305.4833,791033614784633226,17.4542217,2.61791895e+14,1771.37139,1.3054833,0.000736990168,True
3817890,4039470146134,0,0,184.11638,60.821617,0.71369773,7.148425e-27,14.792461,0.71572226,5.81126,342.23157,1988.7968,791233585298070030,16.7644741,9.25520829e+14,1770.27706,1.9887968,0.00112343816,True
4080237,4039470190457,0,0,185.36365,60.141994,0.70861864,1.9643218e-27,14.102778,0.7078857,3.4546986,339.1204,1171.5587,790839745245287376,18.1669684,1.89105081e+14,1754.72198,1.1715587,0.000667660585,True
3200690,4039470193903,0,0,185.39024,59.896492,0.7102718,1.2708711e-27,14.022841,0.7109445,6.109111,180.49564,1102.6678,790647248025166459,18.6397462,1.57313574e+14,1760.80242,1.1026678,0.000626230284,True
2104041,4039470245224,0,0,185.81972,60.27881,0.7120869,2.6601807e-27,14.05077,0.71268666,3.7466764,300.43768,1125.6428,790820500389830568,17.8377222,1.67762619e+14,1764.26047,1.1256428,0.00063802529,True
4005031,4039470467623,0,0,184.96443,58.943356,0.7279777,3.3609272e-27,14.0306,0.72900844,3.7472868,295.84302,1108.6086,790564780085815860,17.5838522,1.60149356e+14,1796.47877,1.1086086,0.000617100862,True
3021674,4039470472532,0,0,186.02753,59.636166,0.7317654,1.5712696e-27,14.178977,0.733093,4.237095,293.08997,1241.85,790620604929198705,18.4093732,2.25373162e+14,1804.49108,1.24185,0.00068819958,True
3233717,4039470540836,0,0,185.53474,62.243176,0.7225493,1.9260682e-27,14.074452,0.72258455,4.9663777,230.76468,1146.0646,791705290269758321,18.1883208,1.77164702e+14,1783.8369,1.1460646,0.000642471629,True
3131285,4039470580993,0,0,182.04971,61.823566,0.71639717,4.1173305e-27,14.383278,0.71704185,4.85644,299.1238,1452.6769,791388083833363160,17.3634607,3.6074739e+14,1772.88901,1.4526769,0.000819384008,True
4918247,4039470593188,0,0,182.60196,61.624924,0.7189574,1.7703148e-27,14.024898,0.72158444,4.4581385,247.54701,1103.5989,791291316906777633,18.2798737,1.58060444e+14,1781.86425,1.1035989,0.000619350717,True
2034905,4039470616101,0,0,184.9502,61.546593,0.7247214,1.230758e-27,13.828019,0.72731006,4.4520955,213.51622,950.5946,790938387871189657,18.6745683,1.00448672e+14,1793.1413,0.9505946,0.000530128105,True
4706335,4039470617019,0,0,184.78691,61.152992,0.71927446,3.940652e-27,13.903474,0.72242266,2.7194011,370.44128,1007.3785,790920689806696693,17.4110798,1.19508611e+14,1783.51767,1.0073785,0.000564826757,True
3842102,4039470647773,0,0,186.91725,61.361053,0.7198146,3.378989e-27,13.888294,0.72131455,4.2374864,234.57329,994.00116,791649800444274029,17.5780331,1.15403558e+14,1781.3317,0.99400116,0.000558010145,True
4383845,4039470670730,0,0,185.79158,61.78894,0.7334529,1.670761e-27,13.900585,0.739677,1.2576609,799.03815,1004.919,791688101329560261,18.3427142,1.18716258e+14,1817.36409,1.004919,0.000552954142,True
3228234,4039470727832,0,0,186.21368,61.351013,0.7473448,2.526111e-27,13.989673,0.74847674,3.9562812,271.58862,1074.481,790906777375959445,17.8938689,1.45746521e+14,1834.48832,1.074481,0.000585711551,True
1905614,4039470739495,0,0,186.26686,60.78054,0.74941665,2.5511794e-27,14.089553,0.74975926,7.4208484,156.27365,1159.6831,790878643031514814,17.8831475,1.83433308e+14,1836.97639,1.1596831,0.000631299948,True
4461827,4039470902506,0,0,183.827,60.1346,0.73405707,7.261398e-27,13.972022,0.73625547,6.4585786,164.04465,1059.4952,791028664209095153,16.7474494,1.39941717e+14,1810.68082,1.0594952,0.00058513637,True
4368442,4039470913122,0,0,183.98454,60.202023,0.7492071,2.1717075e-27,13.96839,0.7503467,3.2909162,321.01926,1056.4475,791023692680657206,18.0579967,1.38776266e+14,1838.11536,1.0564475,0.000574744938,True
1495042,4039480009777,0,0,184.11664,63.8569,0.7489718,3.06412e-27,13.855218,0.7507371,4.2712364,227.89037,973.37366,792364228031365326,17.6842356,1.06940743e+14,1838.87207,0.97337366,0.000529331906,True
3985455,4039480060144,0,0,181.31456,62.46042,0.74807405,2.0986477e-27,13.982274,0.74876106,4.8821874,219.73291,1072.7772,791450293671095854,18.0951512,1.43284495e+14,1835.04007,1.0727772,0.000584606962,True
3067600,4039480076628,0,0,181.32831,63.26746,0.776809,4.1636787e-27,13.896532,0.77699447,6.456346,155.57077,1004.41876,792227384133092244,17.351307,1.17613506e+14,1889.35344,1.00441876,0.000531620362,True
1530880,4039480107006,0,0,183.90518,62.38643,0.7637355,2.2061071e-27,13.922002,0.76514673,3.4350321,298.31793,1024.7317,792082975615531670,18.0409335,1.24717443e+14,1866.67589,1.0247317,0.000548960697,True
1463153,4039480201829,0,0,181.70685,64.055565,0.7901158,3.614869e-27,13.891873,0.7911814,4.616961,216.9203,1001.5126,792296915673409182,17.5047686,1.16358522e+14,1916.29314,1.0015126,0.000522630166,True
2825324,4039480224054,0,0,183.69112,63.40812,0.7932558,2.7150062e-27,14.131299,0.79308695,3.5352468,340.23682,1202.8212,792181758061704252,17.8155729,2.01940858e+14,1919.89385,1.2028212,0.000626504012,True
4163196,4039480258007,0,0,187.31883,62.63064,0.764657,2.2321108e-27,13.923658,0.7658063,4.23921,242.06458,1026.1626,791648058384318630,18.0282106,1.25193908e+14,1867.94269,1.0261626,0.000549354434,True
1002185,4039480301478,0,0,186.4257,61.707848,0.7665029,1.493959e-27,13.842672,0.76775384,3.9417038,244.75833,964.76483,791662762873016314,18.4641533,1.0389561e+14,1871.68023,0.96476483,0.000515453876,True
3109374,4039480311176,0,0,185.85913,61.773933,0.76700634,6.2196332e-27,14.262215,0.7680636,5.66507,234.76826,1329.9786,791687969155751701,16.9155881,2.72985888e+14,1872.27429,1.3299786,0.000710354572,True
4921306,4039480311624,0,0,185.94368,61.600563,0.7665033,3.76091e-27,13.989587,0.76856196,3.659061,294.9957,1079.4072,791660247461035021,17.4617676,1.45717663e+14,1873.2298,1.0794072,0.000576227862,True
506356,4039480360134,0,0,187.08688,63.783123,0.7885386,9.036756e-28,13.878924,0.78887475,3.8002207,260.81006,991.1358,792004440308739993,19.0099686,1.12940368e+14,1911.9289,0.9911358,0.000518395742,True
4505630,4039480468514,0,0,187.68153,62.72593,0.80701226,1.3737072e-27,14.083506,0.806782,4.9316206,235.25246,1160.1759,791835153049896993,18.5552646,1.8089693e+14,1945.64911,1.1601759,0.000596292462,True
2266414,4039480524909,0,0,180.3762,61.578995,0.7661585,2.113777e-27,13.914449,0.7668861,6.2664003,162.54425,1018.5673,791219143377723529,18.0873521,1.22567181e+14,1870.0155,1.0185673,0.000544683882,True
4602032,4039480579250,0,0,183.27718,61.461163,0.7741168,3.680056e-27,13.859862,0.7764436,4.469057,218.97098,978.5938,791283946912437121,17.4853639,1.08090418e+14,1888.30267,0.9785938,0.000518239907,True
2153968,4039480606086,0,0,181.93959,61.023663,0.7821577,4.500224e-27,14.228658,0.7833985,3.0852463,420.1058,1296.1299,791176727156725011,17.2669147,2.52687173e+14,1901.54303,1.2961299,0.000681620072,True
1466717,4039480608347,0,0,182.0201,61.434856,0.7820043,4.4937735e-27,14.338657,0.785564,2.437594,578.541,1410.248,791370474411634944,17.2684721,3.25523388e+14,1905.65412,1.410248,0.000740033558,True
2083519,4039480612260,0,0,180.65564,61.67723,0.78480786,1.9032461e-27,13.838539,0.7884509,3.2265701,297.77228,960.78314,791217037558257662,18.2012626,1.02911568e+14,1911.12629,0.96078314,0.00050273137,True
4514154,4039480735119,0,0,184.80812,61.15956,0.7581435,1.9558753e-27,13.905797,0.7593204,3.6553216,277.30847,1013.6517,790920715713316923,18.1716471,1.20149563e+14,1855.46336,1.0136517,0.000546306504,True
1531450,4039480747791,0,0,183.41748,60.715805,0.7658367,3.5516702e-27,13.906229,0.7668347,5.4015236,187.35242,1011.9885,791049869248006051,17.5239184,1.20269138e+14,1869.91686,1.0119885,0.000541194383,True
4471570,4039480753314,0,0,184.20634,60.400803,0.7692638,1.7067526e-27,13.836895,0.7708033,3.71689,258.1847,959.6441,791039523798751507,18.3195736,1.02522738e+14,1877.52354,0.9596441,0.000511122273,True
1676788,4039480787644,0,0,185.39812,60.540554,0.7795526,4.1934317e-27,13.978868,0.7807362,4.774652,224.09282,1069.9652,790857445179481457,17.3435761,1.42165166e+14,1896.48134,1.0699652,0.000564184407,True
2935303,4039480838019,0,0,184.56332,60.160587,0.77299505,3.484502e-27,13.853703,0.772875,5.956709,163.16759,971.94183,790658387437245003,17.5446482,1.06568339e+14,1881.48707,0.97194183,0.000516581722,True
4383974,4039480859466,0,0,184.22075,60.339336,0.785899,2.6439347e-27,14.205477,0.7884558,1.963674,648.68256,1273.801,791037775155744871,17.8443732,2.39553322e+14,1911.13557,1.273801,0.000666515247,True
4100843,4039480874542,0,0,184.57448,59.807343,0.79596627,4.1157527e-27,13.923868,0.7951315,5.5532813,184.8296,1026.4108,790640658363577607,17.3638768,1.2525446e+14,1923.75256,1.0264108,0.000533546163,True
4768898,4039480894799,0,0,184.0526,61.838165,0.8064164,3.7194957e-27,14.037029,0.80734724,2.4710443,453.64145,1120.9681,791323334721337676,17.4737898,1.62537733e+14,1946.7075,1.1209681,0.000575827698,True
3650756,4039480947894,0,0,183.9498,61.22236,0.80882424,2.8044739e-27,13.894763,0.80953515,5.4269495,184.82736,1003.04877,791257092321396606,17.7803715,1.17135409e+14,1950.80084,1.00304877,0.00051417282,True
3425786,4039480955983,0,0,183.77026,61.11187,0.80873936,3.1659738e-27,14.039019,0.812995,7.1411533,156.92615,1120.6337,791253339011385738,17.6487317,1.63284213e+14,1957.26271,1.1206337,0.000572551499,True
1369889,4039480966447,0,0,182.47612,61.6995,0.8162119,2.0087182e-27,14.0136795,0.8176577,6.9219933,158.76382,1098.9622,791291937319995727,18.1427025,1.54029781e+14,1965.9496,1.0989622,0.000558998156,True
4879860,4039480974795,0,0,184.69054,61.21001,0.81124616,1.5089768e-27,13.874777,0.81278044,6.370108,155.07,987.8127,790921273031559184,18.4532936,1.11867053e+14,1956.86238,0.9878127,0.000504794159,True
2319696,4039481002258,0,0,185.02356,60.888298,0.82788116,4.0632577e-27,14.299508,0.82877386,3.2788417,417.58755,1369.2035,790870177947509546,17.3778141,2.97463167e+14,1986.56049,1.3692035,0.00068923323,True
1293707,4039490038687,0,0,182.1193,63.934296,0.8065967,2.1488692e-27,13.88717,0.80839527,4.223387,237.19353,1001.76,792289882244611049,18.069475,1.15105267e+14,1948.66893,1.00176,0.000514073983,True
2224653,4039490207517,0,0,185.43774,63.803482,0.83852553,1.7074742e-27,13.874891,0.839876,3.552079,279.72577,993.60803,791992480936449923,18.3191146,1.11896421e+14,2007.00681,0.99360803,0.000495069586,True
2844493,4039490429802,0,0,183.85861,61.944878,0.85447997,3.302138e-27,13.909559,0.8538139,4.72076,215.87035,1019.0721,791324748084703200,17.603012,1.21194859e+14,2032.48129,1.0190721,0.000501393102,True
1371847,4039490652682,0,0,186.77577,63.550705,0.85605156,3.1849828e-27,14.111936,0.85356414,4.1251836,288.5276,1190.2292,791961102142537826,17.6422323,1.93135095e+14,2032.02669,1.1902292,0.000585735022,True
2844514,4039490667186,0,0,187.33969,64.02498,0.8680306,1.4055093e-27,14.179841,0.86893624,3.6087434,347.6389,1254.5396,792021123819206630,18.5304157,2.25821973e+14,2059.87829,1.2545396,0.000609035789,True
2781487,4039490795473,0,0,183.83102,63.71682,0.85483134,1.1370573e-27,13.961423,0.8533102,3.2831652,323.08966,1060.7567,792175003539140007,18.7605441,1.36567764e+14,2031.56442,1.0607567,0.000522137861,True
1172708,4039490812074,0,0,184.69594,63.434464,0.8663172,2.8269728e-27,14.083144,0.8651046,2.3015244,506.47644,1165.6678,792164035151244899,17.7716959,1.80746209e+14,2052.96025,1.1656678,0.000567798524,True
2632889,4039490869530,0,0,182.85797,62.852734,0.87349445,1.9720748e-27,13.986056,0.87231886,7.1318464,151.71037,1081.9751,792120647329932898,18.1626915,1.44537719e+14,2065.97232,1.0819751,0.000523712294,True
1855229,4039500657382,0,0,180.84673,65.15618,0.9506923,1.2620522e-27,13.828407,0.9488008,3.9371848,244.27713,961.7642,792548297251940545,18.6473067,1.00538453e+14,2200.49697,0.9617642,0.000437066813,True
1593868,4040460544422,0,0,187.38298,57.956493,0.7096086,8.2412145e-27,13.8477,0.7112933,4.327392,222.22574,961.6579,790397757123779740,16.610022,1.05105441e+14,1761.49506,0.9616579,0.000545932783,True
3876087,4040480451002,0,0,186.55252,59.910576,0.7905595,4.1979206e-27,14.204122,0.7921682,3.6783671,346.506,1274.5763,790808503511921644,17.3424144,2.38807079e+14,1918.15831,1.2745763,0.0006644792,True
1545296,4040480479116,0,0,185.16414,59.770046,0.8033928,3.0436715e-27,14.005613,0.8077241,4.2037396,260.22632,1093.9237,790636065137742688,17.6915056,1.51195267e+14,1947.41296,1.0939237,0.000561731756,True
2533782,4040480620869,0,0,188.45695,61.223248,0.827415,4.5366424e-27,13.968298,0.8290592,4.7652206,223.11867,1063.2097,791536007859211975,17.2581636,1.38746871e+14,1987.08771,1.0632097,0.000535059269,True
1682997,4040480749779,0,0,188.20917,58.8297,0.81930995,2.5961513e-27,13.910574,0.82008684,4.857023,209.44916,1017.2993,790473476720931117,17.864175,1.21478438e+14,1970.46547,1.0172993,0.000516273599,True
1242020,4040490315570,0,0,186.86824,61.544334,0.85433894,1.3671114e-27,13.963981,0.8532845,5.5621862,191.32983,1064.2122,791654122021908003,18.5604902,1.37374523e+14,2031.51763,1.0642122,0.000523850832,True
3109647,4040490561919,0,0,189.20544,62.291344,0.8626307,1.3401653e-27,14.094126,0.86157393,4.5038247,261.08905,1175.8993,791795933126054387,18.5821041,1.85375014e+14,2046.5714,1.1758993,0.000574570378,True
2324471,4040490565141,0,0,188.96716,62.517746,0.8729222,4.10737e-27,13.955834,0.8708793,3.4418395,307.2275,1057.4277,791803893160163604,17.3660904,1.34821513e+14,2063.38037,1.0574277,0.00051247347,True
4505058,4040490734224,0,0,186.7898,61.916023,0.87001854,1.8976962e-27,13.91111,0.8708711,4.018526,254.27766,1021.8215,791672856719333528,18.2044333,1.21628457e+14,2063.3656,1.0218215,0.000495220769,True
3859191,4040490770437,0,0,187.77724,61.8257,0.8771109,3.3296925e-27,14.109917,0.8738029,2.5198274,472.32187,1190.1696,791617053085614292,17.5939897,1.92239309e+14,2068.64199,1.1901696,0.000575338608,True
4787055,4040490772682,0,0,188.30548,62.23243,0.87872154,9.98829e-28,14.044541,0.8795618,3.7907028,299.26947,1134.4417,791635571327064060,18.9012721,1.65373606e+14,2078.97915,1.1344417,0.000545672476,True
4359699,4040490785118,0,0,188.98344,62.83633,0.8909844,1.878409e-27,14.044935,0.8931193,3.3527958,337.78775,1132.5333,791820817286609014,18.2155246,1.65523704e+14,2103.17329,1.1325333,0.000538487866,True
1346815,4040490790189,0,0,188.51585,62.41048,0.88619554,1.0306639e-27,14.255514,0.8895726,2.7540004,483.23474,1330.8287,791801866084289724,18.8672073,2.68806148e+14,2096.8631,1.3308287,0.000634676007,True
1983917,4040500056629,0,0,188.046,63.778313,0.8938228,1.1206416e-27,13.882754,0.89523506,5.8326483,172.12842,1003.96454,791921974418452014,18.7763331,1.13940782e+14,2106.93118,1.00396454,0.000476505616,True
1126641,4040500063724,0,0,188.49786,63.447296,0.88752246,1.0497234e-27,13.866644,0.8895724,6.425117,154.31773,991.5095,791900868782886459,18.8473128,1.09791621e+14,2096.86274,0.9915095,0.000472853792,True
2130151,4040500565911,0,0,189.05754,62.808083,0.9029863,3.8289117e-27,14.164949,0.9036334,2.9471416,422.9585,1246.5186,791820391419922218,17.4423116,2.18209773e+14,2121.80066,1.2465186,0.000587481484,True
909630,4040500577694,0,0,189.23163,62.613884,0.90548044,1.3733204e-27,13.953086,0.91149545,2.5762796,411.62372,1060.4578,791810831891572084,18.5555703,1.33971123e+14,2135.65269,1.0604578,0.000496549746,True
4142693,4040500627296,0,0,187.32587,63.9002,0.9276992,1.5261535e-27,13.998783,0.9272262,5.329609,205.8759,1097.238,792006792846773786,18.4410045,1.48836071e+14,2163.17281,1.097238,0.000507235481,True
2303036,4040500686791,0,0,189.52701,63.409348,0.9424988,2.3439022e-27,13.980186,0.94234294,4.6210318,234.07689,1081.6768,791883855682063505,17.9751513,1.42597265e+14,2189.37532,1.0816768,0.000494057272,True
2367461,4040500694758,0,0,188.50902,63.108315,0.9390792,2.3887276e-27,13.828791,0.9390184,5.0570827,190.52544,963.50287,791847923287963072,17.9545834,1.00627387e+14,2183.63308,0.96350287,0.000441238448,True
3687070,4040500696171,0,0,188.89584,63.30229,0.9436889,2.2489084e-27,13.994449,0.9419018,5.889595,185.72455,1093.8424,791876147038703304,18.0200706,1.47358162e+14,2188.61403,1.0938424,0.000499787712,True
865977,4040510335710,0,0,185.37756,64.54007,0.99008524,1.2613022e-27,13.8864355,0.98720723,7.2106404,140.15207,1010.5862,792064188014233049,18.6479521,1.1491076e+14,2265.76258,1.0105862,0.000446024754,True
1930682,4040510339511,0,0,186.53558,64.26023,0.98102546,1.3679406e-27,13.987354,0.98032314,5.8925867,185.28871,1091.8298,792029761487474781,18.5598319,1.44970353e+14,2254.17361,1.0918298,0.000484359233,True
2466785,4040510496519,0,0,188.8295,63.025917,0.9979454,1.2151864e-27,13.981777,0.99575424,5.068689,214.496,1087.2135,791870635062699674,18.6883927,1.43120616e+14,2280.08528,1.0872135,0.000476830191,True
4878622,4139480169049,0,0,180.34909,61.655106,0.8162942,1.9673344e-27,14.025307,0.81793165,4.3873215,253.24947,1111.0868,791222468715163591,18.1653045,1.58209369e+14,1966.45922,1.1110868,0.00056501899,True
2590347,4139480468200,0,0,183.68092,59.515377,0.79233634,1.6248012e-27,14.049222,0.7917641,3.7959898,298.1518,1131.7811,790959872024972140,18.3729994,1.6716571e+14,1917.39465,1.1317811,0.000590270293,True
1656984,4139480475170,0,0,183.97282,59.33906,0.7894451,8.713507e-27,14.474508,0.7872389,4.4145856,355.25687,1568.3119,790952531312338793,16.5495175,4.45074997e+14,1908.8301,1.5683119,0.000821608953,True
1224740,4139480508298,0,0,183.73944,59.714066,0.7978277,3.7866826e-27,13.933134,0.8018292,7.3485336,140.88527,1035.3002,790972710803039570,17.4543527,1.2795557e+14,1936.35958,1.0353002,0.000534663196,True
4651874,4139490672837,0,0,182.31621,62.202343,0.87626624,2.8899497e-27,14.0441475,0.8698024,4.4239063,255.97182,1132.3954,791441801240027590,17.7477743,1.65223835e+14,2061.43993,1.1323954,0.000549322532,True
869506,4139490696985,0,0,182.34988,62.58027,0.9016327,1.6125052e-27,13.93697,0.8972825,3.4267414,306.16568,1049.1506,791459576835657026,18.3812472,1.29090772e+14,2110.56316,1.0491506,0.000497095097,True
4562135,4139490729252,0,0,183.83064,62.03592,0.8945223,3.0169454e-27,14.097259,0.89334327,4.8912587,241.06296,1179.1013,791326586741439373,17.7010814,1.86717145e+14,2103.57132,1.1791013,0.000560523566,True
4334596,4139490796219,0,0,180.83554,61.210472,0.88687676,8.748599e-28,13.83582,0.8841168,5.790692,166.774,965.7369,791198688302341448,19.0451537,1.0226928e+14,2087.1299,0.9657369,0.000462710491,True
3284767,4139500148866,0,0,180.33493,64.84087,0.93691784,1.3753483e-27,13.829113,0.93301845,1.0206414,944.71106,964.21124,792349842694225292,18.5539683,1.00702023e+14,2173.24081,0.96421124,0.000443674366,True
2490445,4139500511040,0,0,184.5621,62.584328,0.90456253,1.8569738e-27,14.152596,0.9040366,3.5126219,352.73624,1239.029,792090349877623329,18.2279856,2.12090491e+14,2122.51265,1.239029,0.000583755768,True
3435362,4139500515355,0,0,184.35106,62.631233,0.9081945,4.393859e-27,14.467018,0.9073711,3.415455,460.6661,1573.3844,792092352364589511,17.2928847,4.37464884e+14,2128.39423,1.5733844,0.00073923542,True
2113784,4139500545836,0,0,183.44418,62.796215,0.9248609,1.751509e-27,14.109242,0.9270345,2.2203383,538.05054,1194.6542,792124028499294598,18.2914691,1.91940754e+14,2162.839,1.1946542,0.000552354659,True
1759299,4139500546616,0,0,183.69879,62.84708,0.9277979,9.918398e-28,13.888911,0.92898977,4.7787824,212.0742,1013.4564,792101289937333753,18.9088962,1.15567627e+14,2166.24192,1.0134564,0.000467840821,True
1000182,4139500568359,0,0,180.79987,62.181515,0.91513133,1.8771182e-27,14.019535,0.91510665,3.3356013,334.35376,1115.2709,791423140021809081,18.2162709,1.56120595e+14,2141.9933,1.1152709,0.00052066965,True
3694053,4139500589333,0,0,181.60411,62.658974,0.9269579,1.0921673e-27,13.886887,0.9270537,7.172355,140.46161,1007.44055,791464608263250054,18.8042771,1.15030285e+14,2162.87244,1.00744055,0.000465788242,True
2047240,4139500668245,0,0,183.8568,62.89489,0.9295354,8.318651e-28,13.865876,0.9306075,3.7301404,266.74387,994.99207,792104038769164727,19.0998677,1.09597639e+14,2169.05438,0.99499207,0.000458721588,True
2179002,4139500668448,0,0,183.85663,62.97834,0.9291192,1.11355825e-27,13.85534,0.93178964,3.2968767,298.21432,983.17584,792105125995088254,18.7832177,1.06970789e+14,2171.10783,0.98317584,0.000452845236,True
2716058,4139500770508,0,0,180.363,62.403076,0.9262142,9.291658e-28,13.890646,0.92830455,3.1454997,321.38348,1010.9117,791433561815666281,18.979767,1.16030242e+14,2165.04983,1.0109117,0.000466923064,True
1236005,4139510097728,0,0,181.19565,65.23118,0.98147094,9.7504e-28,13.968301,0.9824641,5.972209,180.21338,1076.272,792550426315233965,18.9274439,1.38747829e+14,2257.78287,1.076272,0.000476694201,True
446226,4140480137534,0,0,185.09688,59.646168,0.81368893,1.1144612e-27,13.894984,0.81878644,5.0588813,199.09753,1007.2108,790634863583123170,18.7823376,1.17195031e+14,1968.0488,1.0072108,0.000511781414,True
676203,4140480218809,0,0,185.51112,58.949295,0.8262488,1.3193066e-27,13.857998,0.82780576,3.0435023,323.55756,984.74817,790551589082326574,18.5991357,1.07627486e+14,1984.77103,0.98474817,0.000496152027,True
1020738,4140480225250,0,0,185.83815,58.805214,0.8317199,2.0169914e-27,13.929573,0.83164954,3.6786504,281.4026,1035.1818,790549187934261456,18.1382399,1.26910688e+14,1991.86974,1.0351818,0.000519703562,True
457610,4140490020293,0,0,187.25653,59.976482,0.8533954,1.0678145e-27,13.871982,0.85518664,3.0680392,324.12595,994.4311,790720048802771734,18.8287605,1.11149419e+14,2034.97864,0.9944311,0.000488669061,True
145906,4140490041178,0,0,184.7723,59.818798,0.8686435,1.4733853e-27,14.193404,0.8654881,5.8038,218.98149,1270.9248,790642151286492495,18.4792092,2.32985663e+14,2053.65338,1.2709248,0.000618860422,True
246948,4140490055739,0,0,185.92842,60.849716,0.86135554,3.9706274e-27,13.838979,0.85999894,4.984368,194.27226,968.3244,790886472582116211,17.4028522,1.03015885e+14,2043.717,0.9683244,0.000473805523,True
2918506,4140490579337,0,0,186.43472,60.09169,0.88791126,1.012772e-27,13.996776,0.8840675,2.789209,394.04065,1099.0616,790810418066480979,18.8862208,1.48149844e+14,2087.0418,1.0990616,0.000526612165,True
636425,4140490588407,0,0,184.57338,60.430103,0.90109146,1.8186712e-27,13.9071455,0.89953375,4.8541346,210.19566,1020.31805,790850743786975238,18.2506145,1.20523212e+14,2114.55152,1.02031805,0.0004825222,True
1635359,4140490648053,0,0,183.61537,60.72538,0.9105997,3.553234e-27,14.1807,0.9078757,2.5178542,500.0729,1259.1107,791049621175730060,17.5234405,2.26269073e+14,2129.28324,1.2591107,0.000591330771,True
3550146,4140490657258,0,0,182.70311,60.623337,0.9135304,1.4152717e-27,13.849177,0.91626865,4.711856,207.2742,976.6461,791064988083951194,18.5229004,1.05463504e+14,2144.03064,0.9766461,0.000455518724,True
843266,4140490785084,0,0,186.16287,60.15041,0.89466083,1.7229494e-27,14.126458,0.8934081,3.177067,380.256,1208.0989,790812370901116554,18.3093187,1.9970236e+14,2103.68653,1.2080989,0.000574277054,True
767887,4140490831843,0,0,187.82846,59.769962,0.9120008,3.1446049e-27,14.009452,0.9125618,4.514375,244.52211,1103.8645,790693535937233732,17.6560848,1.52537701e+14,2137.52644,1.1038645,0.000516421449,True
352499,4140490832218,0,0,187.72179,59.688324,0.9143561,7.1320104e-28,13.87146,0.91442347,2.558572,388.34384,993.6057,790692518371679551,19.2669701,1.11015903e+14,2140.79481,0.9936057,0.000464129348,True
3052788,4140500014788,0,0,184.29951,62.10807,0.90921175,1.885984e-27,14.087072,0.908142,2.8247855,416.31497,1176.0005,792073354703710630,18.211155,1.82388393e+14,2129.7523,1.1760005,0.000552177123,True
52857,4140500018485,0,0,184.24208,62.07657,0.9089474,1.0498989e-27,13.8743105,0.91185874,3.8185968,262.17416,1001.13745,791322705845685875,18.8471313,1.11746955e+14,2136.29118,1.00113745,0.000468633423,True
2586702,4140500019055,0,0,184.13657,62.339745,0.90809894,2.5904463e-27,14.051927,0.91295725,1.1473581,998.4964,1145.6329,792080891588485587,17.8665635,1.6821015e+14,2138.221,1.1456329,0.000535787881,True
558891,4140500103172,0,0,184.46745,61.104057,0.9218083,9.429302e-28,14.0224285,0.9228781,6.5468493,170.92389,1119.013,791248611471978624,18.9638011,1.57164226e+14,2155.592,1.119013,0.000519120965,True
444471,4140500330218,0,0,182.49336,62.062363,0.96367,1.3914183e-27,13.918822,0.96263826,2.8171911,367.02493,1033.9794,791344660663058909,18.5413557,1.23807569e+14,2224.18376,1.0339794,0.000464880383,True
525303,4140500370495,0,0,181.40204,61.996483,0.97505796,1.231644e-27,13.912649,0.9749708,6.36545,161.60097,1028.6628,791396791667040912,18.673787,1.22060234e+14,2245.13044,1.0286628,0.000458175072,True
769634,4140500385286,0,0,181.96733,61.45282,0.98031193,1.530347e-27,14.115613,0.9855938,2.6752572,450.03244,1203.9525,791370517454636894,18.4380252,1.94777235e+14,2263.05071,1.2039525,0.000532004207,True
4206497,4140500445286,0,0,182.68544,61.03858,0.987895,1.3778771e-27,14.265998,0.98602045,3.5157483,384.0499,1350.2228,791083051786444882,18.5519738,2.75374168e+14,2263.76808,1.3502228,0.000596449261,True
229905,4140500666368,0,0,188.42422,61.32646,0.9895039,2.7930283e-27,14.051928,0.9889047,4.7734747,239.81345,1144.7434,791539420365145514,17.7848117,1.68210537e+14,2268.61291,1.1447434,0.000504600585,True
3238296,4140500857357,0,0,183.89473,60.632782,0.9967162,8.386752e-28,13.871691,0.99278367,3.2900887,302.94067,996.70166,791047333958254954,19.0910155,1.11074968e+14,2275.11556,0.99670166,0.000438088367,True
444531,4140510004630,0,0,185.34636,63.639835,0.9709136,2.5290977e-27,14.401747,0.9680249,2.9924362,502.13043,1502.5933,791981524544430017,17.892586,3.76419573e+14,2233.35183,1.5025933,0.000672797398,True
241049,4140510120053,0,0,185.10808,63.343506,0.9991657,7.5568907e-28,13.8372755,0.9968322,5.2637386,185.14677,974.5642,791788638905106605,19.2041421,1.02612601e+14,2281.88653,0.9745642,0.000427087056,True
382429,4140510174316,0,0,184.36253,62.494278,0.99468464,1.4905155e-27,13.9149275,0.99280405,3.5908632,288.13635,1034.6582,792090998180937000,18.4666588,1.22702298e+14,2275.14968,1.0346582,0.000454764892,True
210881,4140510193698,0,0,183.00821,63.172134,0.99941653,1.0077089e-27,13.83778,0.99881464,2.6765854,364.1302,974.62555,792137037955531267,18.8916623,1.02731871e+14,2285.19615,0.97462555,0.000426495359,True
1296809,4140510228425,0,0,184.22964,62.503624,0.99861944,1.958107e-27,13.859681,0.9992727,3.6258569,273.41956,991.3802,792079379350691019,18.170409,1.08045379e+14,2285.96031,0.9913802,0.000433682158,True
777675,4140510305190,0,0,186.55052,62.43493,0.9936707,8.319149e-28,14.252855,0.9879223,3.3228192,403.38712,1340.3824,791732437744689072,19.0998027,2.6716539e+14,2266.96365,1.3403824,0.000591267707,True
329298,4140510309572,0,0,186.80307,62.43518,0.9958918,2.3850649e-27,13.870698,0.9962198,4.394123,227.5022,999.6726,791726956368840848,17.9562495,1.10821289e+14,2280.86336,0.9996726,0.000438286929,True
1401700,4141490779726,0,0,187.3701,58.444633,0.9171467,4.2983698e-27,14.392698,0.9160976,3.7636874,394.13885,1483.4154,790439279901313707,17.3167406,3.68657605e+14,2143.73082,1.4834154,0.000691978389,True
527766,4141490846745,0,0,187.3179,58.39705,0.9379357,1.8297093e-27,14.491363,0.93914115,5.0668073,315.82248,1600.2117,790439023263702855,18.2440448,4.62687959e+14,2183.8453,1.6002117,0.000732749569,True
185561,4141490896326,0,0,187.81642,58.142426,0.93285507,2.7815442e-27,13.897959,0.9378364,4.59768,221.23119,1017.1502,790409529929240331,17.7892851,1.18000595e+14,2181.58873,1.0171502,0.000466242873,True
2741107,4141500201018,0,0,188.78928,61.24327,0.9879695,2.627837e-27,13.838286,0.98693794,1.8710924,519.94635,972.8677,791532748923665494,17.8510039,1.02851634e+14,2265.31014,0.9728677,0.000429463358,True
986549,4141500205408,0,0,188.4968,60.88723,0.98515254,1.9309021e-27,13.92978,0.9813213,2.1342778,492.0603,1050.1934,791521150566663062,18.1855994,1.26971192e+14,2255.85689,1.0501934,0.00046554079,True
4493178,4240500336357,0,0,182.27483,60.969566,0.989016,2.3413451e-27,14.01494,0.98750156,3.1941633,349.27005,1115.6256,791174765825010929,17.9763364,1.54477488e+14,2266.25702,1.1156256,0.000492276733,True
3297386,4240500348359,0,0,181.55544,60.53669,0.9939775,1.3355264e-27,13.882985,0.99484795,3.3830824,297.71182,1007.18365,791116671701663410,18.5858688,1.14001403e+14,2278.57,1.00718365,0.00044202445,True
3103280,4240500837724,0,0,184.78235,58.91484,0.9839925,1.2209298e-27,13.837152,0.98559594,4.2929826,226.63509,972.9405,790567931980834967,18.6832733,1.02583426e+14,2263.05431,0.9729405,0.000429923619,True
1606952,4240500838895,0,0,184.87576,59.059643,0.99147433,2.0869891e-27,13.995898,0.99234337,4.2527256,258.2497,1098.2651,790566354871730019,18.1011995,1.47850636e+14,2274.3782,1.0982651,0.000482885872,True
622512,4241500259164,0,0,185.13033,58.819073,0.9827204,2.5859484e-27,14.170261,0.980841,4.0364876,311.42896,1257.0791,790562761409326954,17.8684504,2.20895159e+14,2255.04704,1.2570791,0.000557451386,True
