z,pi_reference
0.002,0.006118766688
0.006,0.007807772946
0.01,0.01113829492
0.014,0.01592352207
0.018,0.02173479213
0.022,0.02790010219
0.026,0.03367996715
0.03,0.03856411655
0.034,0.04253963248
0.038,0.04617037738
0.042,0.05043159403
0.046,0.05642531149
0.05,0.06513895298
0.054,0.07740896263
0.058,0.0939674335
0.062,0.1154546637
0.066,0.1423815211
0.07,0.1749825543
0.074,0.2129048773
0.078,0.2545947626
0.082,0.2965354025
0.086,0.332978837
0.09,0.3569850032
0.094,0.3629311532
0.098,0.3494054148
0.102,0.3206550148
0.106,0.2855321191
0.11,0.254496187
0.114,0.2363388884
0.118,0.2361084144
0.122,0.2545364209
0.126,0.288344545
0.13,0.3309085916
0.134,0.3732999404
0.138,0.4060454615
0.142,0.4214812622
0.146,0.4159926577
0.15,0.3911338389
0.154,0.353074126
0.158,0.3106561112
0.162,0.2729827339
0.166,0.2474090547
0.17,0.2384650584
0.174,0.2475753709
0.178,0.2732120432
0.182,0.3112099619
0.186,0.3553080398
0.19,0.3981445562
0.194,0.4326421525
0.198,0.4535008869
0.202,0.4582655743
0.206,0.4475709036
0.21,0.4245175852
0.214,0.3935805829
0.218,0.3594426277
0.222,0.3261114358
0.226,0.2965040521
0.23,0.272467234
0.234,0.2551173606
0.238,0.24524255
0.242,0.2434908739
0.246,0.2501850746
0.25,0.2649106247
0.254,0.2862690986
0.258,0.3121059711
0.262,0.3400886234
0.266,0.3682958278
0.27,0.3953858193
0.274,0.4202537319
0.278,0.4415132392
0.282,0.4572873951
0.286,0.4656161466
0.29,0.4653009427
0.294,0.456734031
0.298,0.4421183727
0.302,0.4248904554
0.306,0.4085907184
0.31,0.3957727502
0.314,0.3874332479
0.318,0.383185461
0.322,0.3818692231
0.326,0.3821815016
0.33,0.3829901171
0.334,0.3833463694
0.338,0.3824146235
0.342,0.3795382381
0.346,0.3744041838
0.35,0.3671779703
0.354,0.3584163913
0.358,0.3488515031
0.362,0.3392597621
0.366,0.3305772911
0.37,0.324205815
0.374,0.3222744401
0.378,0.3275578635
0.382,0.3428264621
0.386,0.3697451556
0.39,0.407707758
0.394,0.4531371021
0.398,0.4997651843
0.402,0.540030556
0.406,0.567221645
0.41,0.5776121788
0.414,0.5716808812
0.418,0.553846267
0.422,0.530838571
0.426,0.5093341118
0.43,0.4938625991
0.434,0.4857409346
0.438,0.4833155569
0.442,0.4831709976
0.446,0.4816553952
0.45,0.4760790284
0.454,0.4653249784
0.458,0.4498572284
0.462,0.4313158371
0.466,0.4120071035
0.47,0.3944605445
0.474,0.3811039932
0.478,0.373953906
0.482,0.3742613514
0.486,0.3821645619
0.49,0.3965412261
0.494,0.4151229965
0.498,0.4348955175
0.502,0.4526778327
0.506,0.4658124353
0.51,0.472924072
0.514,0.4745277531
0.518,0.4730320838
0.522,0.4718256414
0.526,0.4736516185
0.53,0.4791126734
0.534,0.486311817
0.538,0.4919546199
0.542,0.4933347167
0.546,0.4899239313
0.55,0.4836718058
0.554,0.4780354412
0.558,0.4764978402
0.562,0.481327085
0.566,0.4928942554
0.57,0.5095308753
0.574,0.5278577042
0.578,0.5437273118
0.582,0.5536419399
0.586,0.556091167
0.59,0.5520681195
0.594,0.5444368194
0.598,0.5365016038
0.602,0.5307221112
0.606,0.5281458975
0.61,0.5285413781
0.614,0.5308898904
0.618,0.5339064534
0.622,0.5364676872
0.626,0.537912779
0.63,0.538118436
0.634,0.5373052838
0.638,0.5356919306
0.642,0.5331686292
0.646,0.5292819119
0.65,0.523565063
0.654,0.5160650868
0.658,0.5077745233
0.662,0.5006295757
0.666,0.4969418552
0.67,0.4985290729
0.674,0.5060565062
0.678,0.5189384773
0.682,0.5358668079
0.686,0.5555522102
0.69,0.5772052197
0.694,0.6004812784
0.698,0.6249958895
0.702,0.6497029339
0.706,0.6725500274
0.71,0.6906819951
0.714,0.7012292031
0.718,0.7023709853
0.722,0.6941107666
0.726,0.6783367289
0.73,0.6580922029
0.734,0.6365178709
0.738,0.6160346886
0.742,0.5981587852
0.746,0.5838334891
0.75,0.5738733838
0.754,0.5691082445
0.758,0.5701087063
0.762,0.5767331443
0.766,0.5878944628
0.77,0.6017435483
0.774,0.6161874576
0.778,0.6294019424
0.782,0.6400738506
0.786,0.6473423064
0.79,0.650621136
0.794,0.6494735515
0.798,0.6436404676
0.802,0.6332082124
0.806,0.618791972
0.81,0.6015632824
0.814,0.5830392984
0.818,0.5647300868
0.822,0.5478708596
0.826,0.5334250104
0.83,0.5223126099
0.834,0.5155741053
0.838,0.514252981
0.842,0.5189656069
0.846,0.5294339518
0.85,0.5443159758
0.854,0.5614612172
0.858,0.5784775242
0.862,0.5933137962
0.866,0.6046352975
0.87,0.6119888106
0.874,0.6157933073
0.878,0.6172538191
0.882,0.6180894993
0.886,0.6200714244
0.89,0.6244208129
0.894,0.6313696878
0.898,0.640073033
0.902,0.6488908969
0.906,0.6558861894
0.91,0.6593696761
0.914,0.6583348741
0.918,0.6527044437
0.922,0.6432723399
0.926,0.6313636303
0.93,0.6183849196
0.934,0.6054941224
0.938,0.5935449664
0.942,0.5832579158
0.946,0.5754125945
0.95,0.5708717146
0.954,0.5704455678
0.958,0.5747189025
0.962,0.58398753
0.966,0.5982780206
0.97,0.6173295118
0.974,0.6404077491
0.978,0.6659304676
0.982,0.6911630414
0.986,0.7123585189
0.99,0.7256135512
0.994,0.7282297591
0.998,0.7199093437
1.002,0.7030391654
1.006,0.681782459
1.01,0.6604228064
1.014,0.6419013188
1.018,0.627285014
1.022,0.6162712767
1.026,0.6081633651
1.03,0.602595057
1.034,0.5996189499
1.038,0.5992711114
1.042,0.6010496931
1.046,0.603743968
1.05,0.6057837262
1.054,0.6058904437
1.058,0.6035977824
1.062,0.5992965283
1.066,0.5938323066
1.07,0.5879865879
1.074,0.5822415817
1.078,0.5769319725
1.082,0.5724947081
1.086,0.5694926398
1.09,0.5683701716
1.094,0.5692056612
1.098,0.5718275243
1.102,0.5762571627
1.106,0.5830747826
1.11,0.5932675531
1.114,0.6075395967
1.118,0.625519301
1.122,0.6454054743
1.126,0.6642670162
1.13,0.6787984595
1.134,0.6861865627
1.138,0.6848331541
1.142,0.6747973722
1.146,0.6578313948
1.15,0.6368983933
1.154,0.6152945252
1.158,0.5957281933
1.162,0.5797732457
1.166,0.5678652655
1.17,0.5597385295
1.174,0.5549457083
1.178,0.5531802146
1.182,0.554302578
1.186,0.5581090213
1.19,0.5640288729
1.194,0.5709397685
1.198,0.5772376665
1.202,0.5812211329
1.206,0.5816824514
1.21,0.5784217569
1.214,0.5723949136
1.218,0.5653616582
1.222,0.5591846504
1.226,0.5551285928
1.23,0.5534875963
1.234,0.5536582053
1.238,0.5545447237
1.242,0.5550301657
1.246,0.5542927067
1.25,0.551870824
1.254,0.5475344001
1.258,0.5411576984
1.262,0.5327452369
1.266,0.5226184339
1.27,0.5115498625
1.274,0.5006707708
1.278,0.4911156836
1.282,0.4836362992
1.286,0.4784403889
1.29,0.4753638156
1.294,0.4742413656
1.298,0.4751963968
1.302,0.4786065101
1.306,0.48468776
1.31,0.4929495784
1.314,0.5019111398
1.318,0.5094119722
1.322,0.513422621
1.326,0.5128891367
1.33,0.5080800693
1.334,0.50026354
1.338,0.4910067395
1.342,0.4815915635
1.346,0.4727962148
1.35,0.4649490843
1.354,0.4580055628
1.358,0.45156243
1.362,0.4449380516
1.366,0.4374330461
1.37,0.4287154907
1.374,0.4190831909
1.378,0.4093861662
1.382,0.4006206097
1.386,0.3934829966
1.39,0.3881777099
1.394,0.384608831
1.398,0.3827538026
1.402,0.3829048085
1.406,0.3856212931
1.41,0.3914349279
1.414,0.4005036108
1.418,0.4123627036
1.422,0.4258327592
1.426,0.4391087687
1.43,0.4500638429
1.434,0.4567629542
1.438,0.4580701102
1.442,0.4540746393
1.446,0.4461103462
1.45,0.4363217707
1.454,0.4269883071
1.458,0.4198767718
1.462,0.4158683687
1.466,0.4149261028
1.47,0.4163251299
1.474,0.4190062467
1.478,0.4218894475
1.482,0.4240443416
1.486,0.4247125511
1.49,0.42329656
1.494,0.4193997722
1.498,0.4129456497
1.502,0.404288018
1.506,0.3942098265
1.51,0.3838157812
1.514,0.3743702402
1.518,0.367125177
1.522,0.3631294471
1.526,0.3629973787
1.53,0.3666890747
1.534,0.3734046083
1.538,0.3817046146
1.542,0.3898813395
1.546,0.3964691299
1.55,0.4007156772
1.554,0.40280147
1.558,0.4036843985
1.562,0.4045648427
1.566,0.4061813849
1.57,0.4082786437
1.574,0.40954675
1.578,0.4081337139
1.582,0.4025114011
1.586,0.3922644678
1.59,0.3783916441
1.594,0.3629766357
1.598,0.3484342747
1.602,0.3367312983
1.606,0.3289329885
1.61,0.3251676322
1.614,0.3248817116
1.618,0.3271712484
1.622,0.3310403966
1.626,0.3355455745
1.63,0.3398595035
1.634,0.3433054386
1.638,0.3454080189
1.642,0.3459867223
1.646,0.3452409096
1.65,0.3437274336
1.654,0.3421523492
1.658,0.3410295449
1.662,0.3403983948
1.666,0.3397925369
1.67,0.3384901849
1.674,0.335904212
1.678,0.331873287
1.682,0.3267148554
1.686,0.3210566089
1.69,0.315587992
1.694,0.3108763682
1.698,0.3073038715
1.702,0.3050975692
1.706,0.3043626811
1.71,0.3050729907
1.714,0.30703074
1.718,0.3098648776
1.722,0.3131233439
1.726,0.3164419143
1.73,0.3196887423
1.734,0.3229757827
1.738,0.3265009172
1.742,0.3302921884
1.746,0.3340084895
1.75,0.3369085447
1.754,0.3380252443
1.758,0.3364661493
1.762,0.3317224803
1.766,0.3238805915
1.77,0.3136671935
1.774,0.3023167206
1.778,0.2913035936
1.782,0.2820161409
1.786,0.275470705
1.79,0.2721392106
1.794,0.2719267691
1.798,0.2742802022
1.802,0.278365536
1.806,0.2832471795
1.81,0.2880427357
1.814,0.2920438364
1.818,0.2948155573
1.822,0.2962622537
1.826,0.2966071382
1.83,0.2962691503
1.834,0.2956651671
1.838,0.2950338255
1.842,0.2943713762
1.846,0.2934936841
1.85,0.2921697326
1.854,0.2902506724
1.858,0.2877439024
1.862,0.2848214233
1.866,0.2817635395
1.87,0.2788608585
1.874,0.2763064103
1.878,0.2741428232
1.882,0.2722917251
1.886,0.2706333996
1.89,0.269081152
1.894,0.2676051444
1.898,0.2662111563
1.902,0.264917904
1.906,0.2637530466
1.91,0.262740832
1.914,0.2618767428
1.918,0.2610857844
1.922,0.2602091027
1.926,0.2590566931
1.93,0.257499342
1.934,0.2555521714
1.938,0.253377178
1.942,0.2511852692
1.946,0.2490897731
1.95,0.2470051314
1.954,0.2446769954
1.958,0.2418561817
1.962,0.2385250313
1.966,0.2350433249
1.97,0.2321040144
1.974,0.2305069873
1.978,0.2308473877
1.982,0.2332656445
1.986,0.2373736357
1.99,0.2423735207
1.994,0.2473019514
1.998,0.2512891757
2.002,0.2537292056
2.006,0.2543319654
2.01,0.2530882542
2.014,0.2501999094
2.018,0.2460203691
2.022,0.2410003611
2.026,0.2356256868
2.03,0.2303504929
2.034,0.2255296935
2.038,0.221376859
2.042,0.217946809
2.046,0.2151429402
2.05,0.2127645039
2.054,0.2105867248
2.058,0.2084569874
2.062,0.2063680356
2.066,0.2044700935
2.07,0.2030123853
2.074,0.2022321526
2.078,0.20223036
2.082,0.2028935142
2.086,0.2038919766
2.09,0.204770367
2.094,0.2050963762
2.098,0.204612126
2.102,0.2033313779
2.106,0.2015440727
2.11,0.1997220132
2.114,0.1983534088
2.118,0.1977719622
2.122,0.19805724
2.126,0.1990511541
2.13,0.2004643661
2.134,0.2020014813
2.138,0.2034157787
2.142,0.204490555
2.146,0.2050027484
2.15,0.2047480344
2.154,0.2036436112
2.158,0.2018269168
2.162,0.1996480281
2.166,0.1975257417
2.17,0.1957502586
2.174,0.1943585239
2.178,0.1931753871
2.182,0.1919851103
2.186,0.1907201775
2.19,0.1895350923
2.194,0.1887244544
2.198,0.1885416162
2.202,0.1890453456
2.206,0.1900624892
2.21,0.1912870956
2.214,0.1924377386
2.218,0.193379349
2.222,0.1941317123
2.226,0.1947689778
2.23,0.1952821797
2.234,0.1955026696
2.238,0.1951562954
2.242,0.194017177
2.246,0.1920568661
2.25,0.1894689674
2.254,0.1865404161
2.258,0.1834501677
2.262,0.180141896
2.266,0.1763605953
2.27,0.1718378956
2.274,0.1665171557
2.278,0.1606788779
2.282,0.1548936147
2.286,0.1498229757
2.29,0.1459739193
2.294,0.1435244518
2.298,0.1422936441
2.302,0.1418416431
2.306,0.1416335908
2.31,0.141190582
2.314,0.1401917201
2.318,0.1385144455
2.322,0.1362295365
2.326,0.1335614959
2.33,0.1308283436
2.334,0.1283700863
2.338,0.126473942
2.342,0.1253092762
2.346,0.1248852708
2.35,0.1250517121
2.354,0.1255563233
2.358,0.1261510999
2.362,0.1266978315
2.366,0.127222893
2.37,0.1278838561
2.374,0.1288670726
2.378,0.1302749627
2.382,0.1320633718
2.386,0.1340589289
2.39,0.1360342875
2.394,0.137788921
2.398,0.1391961499
2.402,0.140206128
2.406,0.1408276951
2.41,0.1411122992
2.414,0.1411463208
2.418,0.1410401138
2.422,0.1409043315
2.426,0.1408134528
2.43,0.1407754719
2.434,0.140724902
2.438,0.1405466616
2.442,0.1401219479
2.446,0.1393820056
2.45,0.1383498415
2.454,0.1371474617
2.458,0.1359522622
2.462,0.1349121329
2.466,0.1340547932
2.47,0.1332450579
2.474,0.1322253945
2.478,0.1307301184
2.482,0.1286163364
2.486,0.12594218
2.49,0.1229485092
2.494,0.1199671461
2.498,0.1173074858
2.502,0.1151851389
2.506,0.1137062135
2.51,0.1128828495
2.514,0.112650673
2.518,0.1128718468
2.522,0.1133402647
2.526,0.1138115008
2.53,0.1140566205
2.534,0.1139250544
2.538,0.1133824635
2.542,0.1125117218
2.546,0.1114742831
2.55,0.1104489514
2.554,0.1095700405
2.558,0.1088837452
2.562,0.1083334441
2.566,0.1077772088
2.57,0.1070277769
2.574,0.1059068635
2.578,0.1043010186
2.582,0.1022034059
2.586,0.09972144442
2.59,0.09704478711
2.594,0.09438127183
2.598,0.09190070081
2.602,0.0897143737
2.606,0.08789881449
2.61,0.08653227229
2.614,0.0857042945
2.618,0.08548507251
2.622,0.08587509087
2.626,0.08677436816
2.63,0.08799300831
2.634,0.08929570432
2.638,0.09046065346
2.642,0.09133071512
2.646,0.09185082966
2.65,0.09207973404
2.654,0.09216635996
2.658,0.09228822365
2.662,0.09256649504
2.666,0.09299393905
2.67,0.09341270478
2.674,0.09355875246
2.678,0.09315935077
2.682,0.09204745451
2.686,0.09024515212
2.69,0.08798173533
2.694,0.08563420145
2.698,0.08360927725
2.702,0.08220978325
2.706,0.08153888284
2.71,0.08148228409
2.714,0.08177577857
2.718,0.08212762196
2.722,0.08233366188
2.726,0.08232617998
2.73,0.08213758524
2.734,0.08181120122
2.738,0.08132901669
2.742,0.08060385373
2.746,0.0795386151
2.75,0.0781039109
2.754,0.07638172964
2.758,0.07454716513
2.762,0.07280518401
2.766,0.07131476048
2.77,0.07014089461
2.774,0.06924711752
2.778,0.06853102231
2.782,0.06788280316
2.786,0.06724594953
2.79,0.06665243087
2.794,0.06621194084
2.798,0.06605124601
2.802,0.06623284407
2.806,0.06669899075
2.81,0.06728065524
2.814,0.06777315359
2.818,0.06803300076
2.822,0.0680392604
2.826,0.06788175985
2.83,0.06769105676
2.834,0.06755654788
2.838,0.06748211745
2.842,0.06739775687
2.846,0.06721059297
2.85,0.06686297847
2.854,0.06636439842
2.858,0.06578624575
2.862,0.06522418555
2.866,0.06475505616
2.87,0.06440877881
2.874,0.06417591083
2.878,0.06403891219
2.882,0.06400759023
2.886,0.06413073734
2.89,0.06447336462
2.894,0.06507118226
2.898,0.06588990337
2.902,0.06681516415
2.906,0.06768101779
2.91,0.06832552482
2.914,0.06864193162
2.918,0.06859949809
2.922,0.06822309684
2.926,0.06755189653
2.93,0.06660540111
2.934,0.0653797493
2.938,0.06387372668
2.942,0.06212108935
2.946,0.06020645526
2.95,0.05825499951
2.954,0.05640279426
2.958,0.05476546025
2.962,0.05341680297
2.966,0.05237285426
2.97,0.0515739748
2.974,0.05085796028
2.978,0.04994105475
2.982,0.04843474809
2.986,0.0459250064
2.99,0.04210896683
2.994,0.03694053137
2.998,0.03070896133
3.002,0.02399352641
3.006,0.01750001701
3.01,0.01184922895
3.014,0.007414588362
3.018,0.004271861145
3.022,0.002259095301
3.026,0.001093666141
3.03,0.0004834061461
3.034,0.0001946427858
3.038,7.098404817e-05
3.042,2.313270077e-05
3.046,6.519450604e-06
3.05,1.423009904e-06
3.054,1.699967451e-07
3.058,4.4631857e-09
3.062,5.002299216e-13
3.066,5.002299216e-13
3.07,5.002299216e-13
3.074,5.002299216e-13
3.078,5.002299216e-13
3.082,5.002299216e-13
3.086,5.002299216e-13
3.09,5.002299216e-13
3.094,5.002299216e-13
3.098,5.002299216e-13
3.102,5.002299216e-13
3.106,5.002299216e-13
3.11,5.002299216e-13
3.114,5.002299216e-13
3.118,5.002299216e-13
3.122,5.002299216e-13
3.126,5.002299216e-13
3.13,5.002299216e-13
3.134,5.002299216e-13
3.138,5.002299216e-13
3.142,5.002299216e-13
3.146,5.002299216e-13
3.15,5.002299216e-13
3.154,5.002299216e-13
3.158,5.002299216e-13
3.162,5.002299216e-13
3.166,5.002299216e-13
3.17,5.002299216e-13
3.174,5.002299216e-13
3.178,5.002299216e-13
3.182,5.002299216e-13
3.186,5.002299216e-13
3.19,5.002299216e-13
3.194,5.002299216e-13
3.198,5.002299216e-13
